"Address","Occurrences","Indexability","Indexability Status","Canonical Link Element 1","HTTP Canonical","Meta Robots 1","X-Robots-Tag 1","rel=""next"" 1","rel=""prev"" 1","HTTP rel=""next"" 1","HTTP rel=""prev"" 1"
"https://donate.lifeusa.org/donorportal/login","0","Indexable","","","","","","","","",""
"https://donate.lifeusa.org/donorportal/gaza-relief","0","Indexable","","","","","","","","",""
"https://donate.lifeusa.org/donorportal/udhiyah","0","Indexable","","","","","","","","",""
"https://donate.lifeusa.org/donorportal/?donate=true","0","Indexable","","","","","","","","",""
"https://donate.lifeusa.org/donorportal/project-designations?Program=11WVy000001QlE7MAK","0","Indexable","","","","","","","","",""
"https://donate.lifeusa.org/donorportal/project-designations?Program=11WVy000001QlE9MAK","0","Indexable","","","","","","","","",""
"https://donate.lifeusa.org/donorportal/SelfRegister","0","Indexable","","","","","","","","",""
"https://donate.lifeusa.org/donorportal/project-designations?Program=11WVy000001QlE8MAK","0","Indexable","","","","","","","","",""
"https://donate.lifeusa.org/donorportal/emergency-relief?EmergencyReliefProgram=11WVy000001QlE2MAK","0","Indexable","","","","","","","","",""
"https://donate.lifeusa.org/donorportal/project-designations?Program=11WVy000001QlE4MAK","0","Indexable","","","","","","","","",""
"https://donate.lifeusa.org/donorportal/project-designations?Program=11WVy000001QlE5MAK","0","Indexable","","","","","","","","",""
"https://donate.lifeusa.org/donorportal/campaign?UTM_SourceCode=LebanonEmergencyRelief26&CampaignID=701Vy00001Nj9MLIAZ","0","Indexable","","","","","","","","",""
"https://donate.lifeusa.org/donorportal/cart","0","Indexable","","","","","","","","",""
"https://donate.lifeusa.org/donorportal/seasonal-designations","0","Indexable","","","","","","","","",""
"https://donate.lifeusa.org/donorportal/campaign?UTM_SourceCode=UkraineEmergencyRelief&CampaignID=701Vy00001QJyCHIA1","0","Indexable","","","","","","","","",""
