"Address","Occurrences","Meta Robots 1","X-Robots-Tag 1","Meta Refresh 1","Canonical Link Element 1","HTTP Canonical","Indexability","Indexability Status"
"https://www.lifeusa.org/_files/ugd/6df904_c6509338c6ab4c06804bbcb8c361f812.pdf","1","","noindex, nofollow","","","","Non-Indexable","noindex"
"https://www.lifeusa.org/_files/ugd/6df904_90a5efa7142d4148b84eb0525c66de78.pdf","1","","noindex, nofollow","","","","Non-Indexable","noindex"
"https://www.lifeusa.org/_files/ugd/6df904_820ade476dff47d188f8b9378318d242.pdf","1","","noindex, nofollow","","","","Non-Indexable","noindex"
"https://www.lifeusa.org/_files/ugd/6df904_b6f9e409a1a2422c8d4d9e7368d08fbb.pdf","1","","noindex, nofollow","","","","Non-Indexable","noindex"
"https://www.lifeusa.org/_files/ugd/6df904_97c1a5bca4fb48c2bc203de1898dad42.pdf","1","","noindex, nofollow","","","","Non-Indexable","noindex"
"https://www.lifeusa.org/_files/ugd/6df904_957a74369bdb4c0e871f69ae92f60ef0.pdf","1","","noindex, nofollow","","","","Non-Indexable","noindex"
"https://www.lifeusa.org/_files/ugd/6df904_d302c1520c0d4a62bb0caeef25054425.pdf","1","","noindex, nofollow","","","","Non-Indexable","noindex"
"https://www.lifeusa.org/_files/ugd/6df904_fbb391218c0a4ab3a609e7ded6d5d8f2.pdf","1","","noindex, nofollow","","","","Non-Indexable","noindex"
"https://www.lifeusa.org/_files/ugd/6df904_87226379919b4320b943ce00af7190d1.pdf","1","","noindex, nofollow","","","","Non-Indexable","noindex"
"https://www.lifeusa.org/_files/ugd/6df904_d0fe1b850fe14f2aafff753149a31e93.pdf","1","","noindex, nofollow","","","","Non-Indexable","noindex"
"https://www.lifeusa.org/_files/ugd/6df904_0f8f4c0387d84ee0822e7a097e609290.pdf","1","","noindex, nofollow","","","","Non-Indexable","noindex"
"https://www.lifeusa.org/_files/ugd/6df904_3fba3e9f3e774668aebec37fddc53405.pdf","1","","noindex, nofollow","","","","Non-Indexable","noindex"
"https://www.lifeusa.org/_files/ugd/6df904_70ad03d60ccd401c9560d51dcb8a0d38.pdf","1","","noindex, nofollow","","","","Non-Indexable","noindex"
"https://www.lifeusa.org/_files/ugd/6df904_3aa728eb8ed446d4a430e655104dc318.pdf","1","","noindex, nofollow","","","","Non-Indexable","noindex"
"https://www.lifeusa.org/_files/ugd/6df904_7fbabf427ae34683a608c7f617b5d4d0.pdf","1","","noindex, nofollow","","","","Non-Indexable","noindex"
"https://www.lifeusa.org/no/tags/chicago","1","noindex","","","https://www.lifeusa.org/no/tags/chicago","","Non-Indexable","noindex"
"https://www.lifeusa.org/no/tags/usa","1","noindex","","","https://www.lifeusa.org/no/tags/usa","","Non-Indexable","noindex"
"https://www.lifeusa.org/no/tags/philanthropy","1","noindex","","","https://www.lifeusa.org/no/tags/philanthropy","","Non-Indexable","noindex"
"https://www.lifeusa.org/no/tags/canada","1","noindex","","","https://www.lifeusa.org/no/tags/canada","","Non-Indexable","noindex"
"https://www.lifeusa.org/no/hashtags/butterflyeffect","1","noindex","","","https://www.lifeusa.org/no/hashtags/butterflyeffect","","Non-Indexable","noindex"
"https://www.lifeusa.org/no/tags/life-blog","1","noindex","","","https://www.lifeusa.org/no/tags/life-blog","","Non-Indexable","noindex"
"https://www.lifeusa.org/no/tags/england","1","noindex","","","https://www.lifeusa.org/no/tags/england","","Non-Indexable","noindex"
"https://www.lifeusa.org/no/tags/colorado","1","noindex","","","https://www.lifeusa.org/no/tags/colorado","","Non-Indexable","noindex"
"https://www.lifeusa.org/no/tags/charity","1","noindex","","","https://www.lifeusa.org/no/tags/charity","","Non-Indexable","noindex"
"https://www.lifeusa.org/no/tags/maryland","1","noindex","","","https://www.lifeusa.org/no/tags/maryland","","Non-Indexable","noindex"
"https://www.lifeusa.org/no/tags/nyc","1","noindex","","","https://www.lifeusa.org/no/tags/nyc","","Non-Indexable","noindex"
"https://www.lifeusa.org/_files/ugd/6df904_162824fa1d0a4231b25669e678d3a730.pdf","1","","noindex, nofollow","","","","Non-Indexable","noindex"
"https://www.lifeusa.org/_files/ugd/6df904_441a61c7f7c94af999a07aedad1b019f.pdf","1","","noindex, nofollow","","","","Non-Indexable","noindex"
"https://www.lifeusa.org/_files/ugd/6df904_007cd0c2d319457b851b407933ef9a6b.pdf","1","","noindex, nofollow","","","","Non-Indexable","noindex"
"https://www.lifeusa.org/_files/ugd/6df904_9f9c3694c0d844338df533a35a57ef84.pdf","1","","noindex, nofollow","","","","Non-Indexable","noindex"
"https://www.lifeusa.org/_files/ugd/6df904_3dfee7544a3e45c6a18151355679d69b.pdf","1","","noindex, nofollow","","","","Non-Indexable","noindex"
"https://www.lifeusa.org/_files/ugd/6df904_fdbf1a16338846c4a02c1ddf431f5279.pdf","1","","noindex, nofollow","","","","Non-Indexable","noindex"
"https://www.lifeusa.org/_files/ugd/6df904_535e4547bf0545a2a9162f12a3b73a98.pdf","1","","noindex, nofollow","","","","Non-Indexable","noindex"
"https://www.lifeusa.org/_files/ugd/6df904_6486047cd4fe4d589aff8e22b0f14e99.pdf","1","","noindex, nofollow","","","","Non-Indexable","noindex"
"https://www.lifeusa.org/_files/ugd/6df904_f13eaf2545ae43009c3e171743dfe747.pdf","1","","noindex, nofollow","","","","Non-Indexable","noindex"
"https://www.lifeusa.org/_files/ugd/6df904_f974ecb3149c4e8cb13dbc8ed447a49a.pdf","1","","noindex, nofollow","","","","Non-Indexable","noindex"
"https://www.lifeusa.org/_files/ugd/6df904_1ddc755082ef49bb909f2aa7dbf9a1c1.pdf","1","","noindex, nofollow","","","","Non-Indexable","noindex"
"https://www.lifeusa.org/_files/ugd/6df904_7b1019b4e72d4da39acec3132eb89454.pdf","1","","noindex, nofollow","","","","Non-Indexable","noindex"
"https://www.lifeusa.org/_files/ugd/6df904_e2671b6a5cfa4bd0a35bcb61e28353aa.pdf","1","","noindex, nofollow","","","","Non-Indexable","noindex"
"https://www.lifeusa.org/_files/ugd/6df904_bbb8e9ad3505406b926cb0eda852c599.pdf","1","","noindex, nofollow","","","","Non-Indexable","noindex"
"https://www.lifeusa.org/_files/ugd/6df904_a136a878af8a4d46ace9b06e3416685b.pdf","1","","noindex, nofollow","","","","Non-Indexable","noindex"
"https://www.lifeusa.org/_files/ugd/6df904_e66c780078bd43c786b3ad629e3bc469.pdf","1","","noindex, nofollow","","","","Non-Indexable","noindex"
"https://www.lifeusa.org/_files/ugd/6df904_edf6e91aa73d4e45a6e7649e0395de0b.pdf","1","","noindex, nofollow","","","","Non-Indexable","noindex"
"https://www.lifeusa.org/_files/ugd/6df904_dd53ebe83bc34c9d9b90dfd62e069406.pdf","1","","noindex, nofollow","","","","Non-Indexable","noindex"
"https://www.lifeusa.org/_files/ugd/6df904_6e2ea6112dcf4907b3cafee15ed9802e.pdf","1","","noindex, nofollow","","","","Non-Indexable","noindex"
"https://www.lifeusa.org/_files/ugd/6df904_76f4bf9a37e14e32bb774a790c321fc6.pdf","1","","noindex, nofollow","","","","Non-Indexable","noindex"
"https://www.lifeusa.org/_files/ugd/6df904_a85aa809193545108cdc16535b6493b9.pdf","1","","noindex, nofollow","","","","Non-Indexable","noindex"
"https://www.lifeusa.org/_files/ugd/6df904_8dafc192b5aa4cb6a7ed1b63336c3078.pdf","1","","noindex, nofollow","","","","Non-Indexable","noindex"
"https://www.lifeusa.org/no/tags/ukraine","1","noindex","","","https://www.lifeusa.org/no/tags/ukraine","","Non-Indexable","noindex"
"https://www.lifeusa.org/no/tags/orphans","1","noindex","","","https://www.lifeusa.org/no/tags/orphans","","Non-Indexable","noindex"
"https://www.lifeusa.org/no/tags/palestine","1","noindex","","","https://www.lifeusa.org/no/tags/palestine","","Non-Indexable","noindex"
"https://www.lifeusa.org/no/tags/orphan-sponsorship","1","noindex","","","https://www.lifeusa.org/no/tags/orphan-sponsorship","","Non-Indexable","noindex"
"https://www.lifeusa.org/no/tags/syria-1","1","noindex","","","https://www.lifeusa.org/no/tags/syria-1","","Non-Indexable","noindex"
"https://www.lifeusa.org/no/tags/war","1","noindex","","","https://www.lifeusa.org/no/tags/war","","Non-Indexable","noindex"
"https://www.lifeusa.org/no/tags/children","1","noindex","","","https://www.lifeusa.org/no/tags/children","","Non-Indexable","noindex"
"https://www.lifeusa.org/no/tags/refugee","1","noindex","","","https://www.lifeusa.org/no/tags/refugee","","Non-Indexable","noindex"
"https://www.lifeusa.org/no/tags/mental-health","1","noindex","","","https://www.lifeusa.org/no/tags/mental-health","","Non-Indexable","noindex"
"https://www.lifeusa.org/no/tags/afghanistan","1","noindex","","","https://www.lifeusa.org/no/tags/afghanistan","","Non-Indexable","noindex"
"https://www.lifeusa.org/no/tags/earthquake","1","noindex","","","https://www.lifeusa.org/no/tags/earthquake","","Non-Indexable","noindex"
"https://www.lifeusa.org/no/tags/emergency-relief","1","noindex","","","https://www.lifeusa.org/no/tags/emergency-relief","","Non-Indexable","noindex"
"https://www.lifeusa.org/no/tags/gaza-1","1","noindex","","","https://www.lifeusa.org/no/tags/gaza-1","","Non-Indexable","noindex"
"https://www.lifeusa.org/no/tags/water-tanks","1","noindex","","","https://www.lifeusa.org/no/tags/water-tanks","","Non-Indexable","noindex"
"https://www.lifeusa.org/no/tags/community-development","1","noindex","","","https://www.lifeusa.org/no/tags/community-development","","Non-Indexable","noindex"
"https://www.lifeusa.org/no/tags/food-baskets","1","noindex","","","https://www.lifeusa.org/no/tags/food-baskets","","Non-Indexable","noindex"
"https://www.lifeusa.org/no/tags/queen-elizabeth","1","noindex","","","https://www.lifeusa.org/no/tags/queen-elizabeth","","Non-Indexable","noindex"
"https://www.lifeusa.org/no/tags/fire","1","noindex","","","https://www.lifeusa.org/no/tags/fire","","Non-Indexable","noindex"
"https://www.lifeusa.org/no/tags/forest-fire","1","noindex","","","https://www.lifeusa.org/no/tags/forest-fire","","Non-Indexable","noindex"
"https://www.lifeusa.org/no/tags/amazon","1","noindex","","","https://www.lifeusa.org/no/tags/amazon","","Non-Indexable","noindex"
"https://www.lifeusa.org/no/tags/jeff-bezos","1","noindex","","","https://www.lifeusa.org/no/tags/jeff-bezos","","Non-Indexable","noindex"
"https://www.lifeusa.org/no/tags/bill-gates","1","noindex","","","https://www.lifeusa.org/no/tags/bill-gates","","Non-Indexable","noindex"
"https://www.lifeusa.org/no/tags/refugee-assistance","1","noindex","","","https://www.lifeusa.org/no/tags/refugee-assistance","","Non-Indexable","noindex"
"https://www.lifeusa.org/no/tags/back-to-school","1","noindex","","","https://www.lifeusa.org/no/tags/back-to-school","","Non-Indexable","noindex"
"https://www.lifeusa.org/no/tags/florida","1","noindex","","","https://www.lifeusa.org/no/tags/florida","","Non-Indexable","noindex"
"https://www.lifeusa.org/no/tags/hearing-aids","1","noindex","","","https://www.lifeusa.org/no/tags/hearing-aids","","Non-Indexable","noindex"
"https://www.lifeusa.org/no/tags/texas","1","noindex","","","https://www.lifeusa.org/no/tags/texas","","Non-Indexable","noindex"
"https://www.lifeusa.org/no/tags/rohingya","1","noindex","","","https://www.lifeusa.org/no/tags/rohingya","","Non-Indexable","noindex"
"https://www.lifeusa.org/no/tags/health","1","noindex","","","https://www.lifeusa.org/no/tags/health","","Non-Indexable","noindex"
"https://www.lifeusa.org/no/tags/bangladesh-1","1","noindex","","","https://www.lifeusa.org/no/tags/bangladesh-1","","Non-Indexable","noindex"
"https://www.lifeusa.org/no/tags/education","1","noindex","","","https://www.lifeusa.org/no/tags/education","","Non-Indexable","noindex"
"https://www.lifeusa.org/no/tags/life-for-relief-and-development-usa","1","noindex","","","https://www.lifeusa.org/no/tags/life-for-relief-and-development-usa","","Non-Indexable","noindex"
"https://www.lifeusa.org/no/tags/turkey","1","noindex","","","https://www.lifeusa.org/no/tags/turkey","","Non-Indexable","noindex"
"https://www.lifeusa.org/no/tags/jordan","1","noindex","","","https://www.lifeusa.org/no/tags/jordan","","Non-Indexable","noindex"
"https://www.lifeusa.org/no/tags/orphan","1","noindex","","","https://www.lifeusa.org/no/tags/orphan","","Non-Indexable","noindex"
"https://www.lifeusa.org/no/tags/thanksgiving","1","noindex","","","https://www.lifeusa.org/no/tags/thanksgiving","","Non-Indexable","noindex"
"https://www.lifeusa.org/no/tags/winter-warmth","1","noindex","","","https://www.lifeusa.org/no/tags/winter-warmth","","Non-Indexable","noindex"
"https://www.lifeusa.org/no/tags/somalia-1","1","noindex","","","https://www.lifeusa.org/no/tags/somalia-1","","Non-Indexable","noindex"
"https://www.lifeusa.org/no/tags/seasonal-projects","1","noindex","","","https://www.lifeusa.org/no/tags/seasonal-projects","","Non-Indexable","noindex"
"https://www.lifeusa.org/no/tags/hurricane-ian","1","noindex","","","https://www.lifeusa.org/no/tags/hurricane-ian","","Non-Indexable","noindex"
"https://www.lifeusa.org/no/tags/hurricane","1","noindex","","","https://www.lifeusa.org/no/tags/hurricane","","Non-Indexable","noindex"
"https://www.lifeusa.org/no/tags/charity-builds-wealth","1","noindex","","","https://www.lifeusa.org/no/tags/charity-builds-wealth","","Non-Indexable","noindex"
"https://www.lifeusa.org/no/tags/iraq-1","1","noindex","","","https://www.lifeusa.org/no/tags/iraq-1","","Non-Indexable","noindex"
"https://www.lifeusa.org/no/tags/furniture","1","noindex","","","https://www.lifeusa.org/no/tags/furniture","","Non-Indexable","noindex"
"https://www.lifeusa.org/no/tags/libya","1","noindex","","","https://www.lifeusa.org/no/tags/libya","","Non-Indexable","noindex"
"https://www.lifeusa.org/no/tags/ethiopia","1","noindex","","","https://www.lifeusa.org/no/tags/ethiopia","","Non-Indexable","noindex"
"https://www.lifeusa.org/no/tags/sudan","1","noindex","","","https://www.lifeusa.org/no/tags/sudan","","Non-Indexable","noindex"
"https://www.lifeusa.org/no/tags/bosnia","1","noindex","","","https://www.lifeusa.org/no/tags/bosnia","","Non-Indexable","noindex"
"https://www.lifeusa.org/no/tags/uganda","1","noindex","","","https://www.lifeusa.org/no/tags/uganda","","Non-Indexable","noindex"
"https://www.lifeusa.org/no/tags/djibouti","1","noindex","","","https://www.lifeusa.org/no/tags/djibouti","","Non-Indexable","noindex"
"https://www.lifeusa.org/no/tags/south-sudan","1","noindex","","","https://www.lifeusa.org/no/tags/south-sudan","","Non-Indexable","noindex"
"https://www.lifeusa.org/no/tags/somalia","1","noindex","","","https://www.lifeusa.org/no/tags/somalia","","Non-Indexable","noindex"
"https://www.lifeusa.org/no/tags/eritrea","1","noindex","","","https://www.lifeusa.org/no/tags/eritrea","","Non-Indexable","noindex"
"https://www.lifeusa.org/no/tags/ramadan","1","noindex","","","https://www.lifeusa.org/no/tags/ramadan","","Non-Indexable","noindex"
"https://www.lifeusa.org/no/tags/bangladesh","1","noindex","","","https://www.lifeusa.org/no/tags/bangladesh","","Non-Indexable","noindex"
"https://www.lifeusa.org/no/tags/iraq","1","noindex","","","https://www.lifeusa.org/no/tags/iraq","","Non-Indexable","noindex"
"https://www.lifeusa.org/no/tags/haiti","1","noindex","","","https://www.lifeusa.org/no/tags/haiti","","Non-Indexable","noindex"
"https://www.lifeusa.org/no/tags/kenya","1","noindex","","","https://www.lifeusa.org/no/tags/kenya","","Non-Indexable","noindex"
"https://www.lifeusa.org/no/tags/national-women-s-month","1","noindex","","","https://www.lifeusa.org/no/tags/national-women-s-month","","Non-Indexable","noindex"
"https://www.lifeusa.org/no/tags/lebanon","1","noindex","","","https://www.lifeusa.org/no/tags/lebanon","","Non-Indexable","noindex"
"https://www.lifeusa.org/no/tags/share","1","noindex","","","https://www.lifeusa.org/no/tags/share","","Non-Indexable","noindex"
"https://www.lifeusa.org/no/tags/udhiyah","1","noindex","","","https://www.lifeusa.org/no/tags/udhiyah","","Non-Indexable","noindex"
"https://www.lifeusa.org/no/tags/yemen","1","noindex","","","https://www.lifeusa.org/no/tags/yemen","","Non-Indexable","noindex"
"https://www.lifeusa.org/no/tags/bosnia-1","1","noindex","","","https://www.lifeusa.org/no/tags/bosnia-1","","Non-Indexable","noindex"
"https://www.lifeusa.org/no/tags/syria","1","noindex","","","https://www.lifeusa.org/no/tags/syria","","Non-Indexable","noindex"
"https://www.lifeusa.org/no/tags/egypt","1","noindex","","","https://www.lifeusa.org/no/tags/egypt","","Non-Indexable","noindex"
"https://www.lifeusa.org/no/tags/herzegovina","1","noindex","","","https://www.lifeusa.org/no/tags/herzegovina","","Non-Indexable","noindex"
"https://www.lifeusa.org/no/tags/fresh-meat","1","noindex","","","https://www.lifeusa.org/no/tags/fresh-meat","","Non-Indexable","noindex"
"https://www.lifeusa.org/no/tags/pakistan-1","1","noindex","","","https://www.lifeusa.org/no/tags/pakistan-1","","Non-Indexable","noindex"
"https://www.lifeusa.org/no/tags/eid","1","noindex","","","https://www.lifeusa.org/no/tags/eid","","Non-Indexable","noindex"
"https://www.lifeusa.org/no/tags/orphan-1","1","noindex","","","https://www.lifeusa.org/no/tags/orphan-1","","Non-Indexable","noindex"
"https://www.lifeusa.org/no/tags/mali","1","noindex","","","https://www.lifeusa.org/no/tags/mali","","Non-Indexable","noindex"
"https://www.lifeusa.org/no/tags/zakat","1","noindex","","","https://www.lifeusa.org/no/tags/zakat","","Non-Indexable","noindex"
"https://www.lifeusa.org/no/tags/winter","1","noindex","","","https://www.lifeusa.org/no/tags/winter","","Non-Indexable","noindex"
