"Address","Occurrences","H2-1","H2-1 Length","H2-2","H2-2 Length","Indexability","Indexability Status"
"https://www.lifeusa.org/","25","SERVING HUMANITY FOR OVER 33 YEARS","34","EMERGENCY RELIEF","16","Indexable",""
"https://www.lifeusa.org/post/the-global-environmental-crisis-water-climate-and-life-s-impact","5","The Global Water Crisis","23","Extreme Weather Patterns are Emerging","37","Indexable",""
"https://www.lifeusa.org/blogs","40","LIFE BLOG","9","The Global Environmental Crisis: Water, Climate, and LIFE’s Impact","66","Indexable",""
"https://www.lifeusa.org/media","6","OUR MEDIA","9","Newsletters","11","Indexable",""
"https://www.lifeusa.org/post/children-in-crisis-the-psychological-toll-of-violence","9","Childhood Under Constant Instability","36","When Survival Replaces Development","34","Indexable",""
"https://www.lifeusa.org/volunteer","2","VOLUNTEER","9","Please fill out the form below","30","Indexable",""
"https://www.lifeusa.org/careers","2","CAREERS & INTERNSHIPS","21","Our Careers","11","Indexable",""
"https://www.lifeusa.org/no","20","The Global Environmental Crisis: Water, Climate, and LIFE’s Impact","66","The World Keeps Making More Plastic, and the Cost is Human","58","Indexable",""
"https://www.lifeusa.org/no/categories/life-blog","20","The Global Environmental Crisis: Water, Climate, and LIFE’s Impact","66","The World Keeps Making More Plastic, and the Cost is Human","58","Indexable",""
"https://www.lifeusa.org/no/categories/giving-charity","3","Maximize Your Tax Write-Offs with Giving, Apps & Matching Gifts","63","When Life Becomes Art: Finding Flow, Purpose, and the Joy of Giving","67","Indexable",""
"https://www.lifeusa.org/no/categories/reports","20","LIFE Supports Mothers and Orphans in Gaza with Critical Baby Formula and Other Essentials","89","LIFE Continues Saving Lives in Gaza as Emergency Food and Water Relief Reaches Thousands","88","Indexable",""
"https://www.lifeusa.org/no/categories/philosophy","2","When Life Becomes Art: Finding Flow, Purpose, and the Joy of Giving","67","One Dollar Can Change Someone’s Life","36","Indexable",""
"https://www.lifeusa.org/post/women-s-empowerment-the-key-to-solving-world-hunger","7","Economic Empowerment and Poverty Reduction","42","Education","9","Indexable",""
"https://www.lifeusa.org/no/categories/purpose","2","When Life Becomes Art: Finding Flow, Purpose, and the Joy of Giving","67","One Dollar Can Change Someone’s Life","36","Indexable",""
"https://www.lifeusa.org/post/one-dollar-can-change-someone-s-life","4","Finding Meaning in Small Acts","29","When the World Feels Too Big","28","Indexable",""
"https://www.lifeusa.org/post/afghanistan-s-earthquake-stories-of-survival-and-relief","4","The Injured","11","","0","Indexable",""
"https://www.lifeusa.org/post/why-one-gift-means-the-world-to-an-orphaned-child","5","A Gift Is a Message of Belonging","32","Your Gift Can Change a Memory, a Season, and a Childhood","56","Indexable",""
"https://www.lifeusa.org/post/children-forced-to-sleep-in-cars-and-on-the-streets-as-over-800-000-are-displaced-in-lebanon","5","Why So Many Families Are Being Displaced in Lebanon?","52","Children Among the Most Vulnerable in Lebanon’s Displacement Crisis","67","Indexable",""
"https://www.lifeusa.org/post/over-6-5-hungry-in-somalia-why-your-giving-matters-now-more-than-ever","3","Scaling Aid in Ramadan: Why It Matters Now","42","Why Timing Is Critical","22","Indexable",""
"https://www.lifeusa.org/post/starvation-in-gaza-why-the-world-must-act-now-before-thousands-more-die","7","The Latest Update in Gaza","25","There is Not Enough Food in Gaza","32","Indexable",""
"https://www.lifeusa.org/post/latest-cuts-to-humanitarian-aid-leave-millions-without-hope","7","Why Funding is Falling When the Need is Rising","46","What Funding Cuts Look Like in Real Life","40","Indexable",""
"https://www.lifeusa.org/legacy","5","WITH LEGACY THAT LASTS","22","EMPOWER THE FUTURE","18","Indexable",""
"https://www.lifeusa.org/news","22","REPORTS","7","LIFE Supports Mothers and Orphans in Gaza with Critical Baby Formula and Other Essentials","89","Indexable",""
"https://www.lifeusa.org/post/building-a-better-world-for-33-years","4","What Sustains Us?","17","","0","Indexable",""
"https://www.lifeusa.org/post/write-your-will-for-free-and-let-the-good-you-do-today-last-forever","10","What Is Legacy Giving?","22","Why FreeWill Changes Everything","31","Indexable",""
"https://www.lifeusa.org/post/charitable-giving-an-advantage-we-never-saw-coming-from-the-one-big-beautiful-bill-act","9","The Standard Deduction","22","","0","Indexable",""
"https://www.lifeusa.org/post/winter-flooding-in-gaza-leaves-families-cold-and-exhausted","6","A Losing Battle Against the Rain","32","Tents that Were Never Meant for Winter","38","Indexable",""
"https://www.lifeusa.org/post/school-supplies-could-be-the-key-to-ending-poverty","7","The Impact of Education","23","What Stops Kids From Going to School?","37","Indexable",""
"https://www.lifeusa.org/post/cold-kills-5-million-a-year-life-s-winter-aid-helps-prevent-this-tragedy","6","A Matter of Life or Death","25","The Reality of Freezing to Death","32","Indexable",""
"https://www.lifeusa.org/post/give-the-smart-way-stop-paying-taxes-on-stocks-and-receive-a-big-tax-deduction","13","","0","Donating Stocks","15","Indexable",""
"https://www.lifeusa.org/post/health-for-all-how-life-is-closing-the-global-healthcare-gap","7","The High Stakes of Access","25","How Can We Make Healthcare More Accessible Globally?","52","Indexable",""
"https://www.lifeusa.org/post/she-was-buried-underground-for-13-years-then-she-heard-the-ocean","2","Dalia’s story is not rare: it is what coming home looks like after 14 years of violence and chaos.","98","Recent Posts","12","Indexable",""
"https://www.lifeusa.org/post/the-hidden-price-tag-of-fast-fashion-and-how-life-is-offering-sustainable-solutions-you-can-support","7","Discover how fast fashion impacts our world, what LIFE USA is doing to help and five sustainable actions you can take today.","124","What is Fast Fashion and Why is it a Problem?","45","Indexable",""
"https://www.lifeusa.org/post/ramadan-a-place-for-everyone","10","Experienced Empathy","19","Kindness for Others","19","Indexable",""
"https://www.lifeusa.org/post/a-step-by-step-guide-on-how-to-participate-in-ramadan","8","What Ramadan Actually Is","24","Why Are People Trying It?","25","Indexable",""
"https://www.lifeusa.org/post/sick-kids-with-no-medicine-in-sight-how-life-is-restoring-healthcare-access-in-africa","8","When a Child Gets Sick, Everything Stops","40","The Fear Every Parent Recognizes","32","Indexable",""
"https://www.lifeusa.org/post/as-middle-east-tensions-rise-families-face-uncertainty-and-compassion-matters-more","5","How Modern Conflicts Spread","27","The Human Cost Behind the Headlines","35","Indexable",""
"https://www.lifeusa.org/post/millions-hungry-and-displaced-why-the-sudan-crisis-requires-immediate-action","9","What Is Happening in Sudan Right Now?","37","Why Is There War and Violence in Sudan?","39","Indexable",""
"https://www.lifeusa.org/post/ceasefire-in-gaza-understanding-the-gaza-peace-deal-and-what-lies-ahead","12","The Moment We’ve All Waited For","31","Mixed Emotions and Uncertainty in the Gaza Strip","48","Indexable",""
"https://www.lifeusa.org/post/maximize-your-tax-write-off-with-charitable-giving-apps","9","Why Charitable Giving Is One of the Most Overlooked Tax Strategies","66","How to Maximize Tax Write-Off with Popular Tax Apps","51","Indexable",""
"https://www.lifeusa.org/post/when-life-becomes-art-finding-flow-purpose-and-the-joy-of-giving","6","Appreciating the Art of Everything","34","The Art of Living and Consciousness","35","Indexable",""
"https://www.lifeusa.org/post/what-happens-when-you-can-t-see-in-a-refugee-camp","5","Amina’s Story","13","Vision Loss: An Overlooked Refugee Crisis","41","Indexable",""
"https://www.lifeusa.org/post/the-challenges-humanitarian-organizations-face-after-conflict-ends","9","Access Does Not Automatically Open","34","When the Chaos Goes Quiet, Politics Get Louder","46","Indexable",""
"https://www.lifeusa.org/post/the-power-of-listening-and-how-to-harness-it","6","What Does it Mean to Listen?","28","The Power of Listening","22","Indexable",""
