"Type","Source","Destination","Alt Text","Length"
"Image","https://www.lifeusa.org/blogs","https://static.wixstatic.com/media/74d008_39a6fc8bc8b94d9b99452850a9f11aea~mv2.jpg/v1/fill/w_315,h_236,fp_0.50_0.50,q_90,enc_avif,quality_auto/74d008_39a6fc8bc8b94d9b99452850a9f11aea~mv2.webp","Photo of a boy holding a portion of fresh meat from one of Life for Relief and Development's (LIFE) USA Udhiyah/Qurbani distributions.","134"
"Image","https://www.lifeusa.org/blogs","https://static.wixstatic.com/media/74d008_23104e66d3b14b7c98f45f1292b0982e~mv2.jpg/v1/fill/w_314,h_236,fp_0.50_0.50,q_90,enc_avif,quality_auto/74d008_23104e66d3b14b7c98f45f1292b0982e~mv2.webp","Double or Triple Your Donation Without Spending More Through Life for Relief and Development (LIFE) Matching Gift Program","121"
"Image","https://www.lifeusa.org/post/children-in-crisis-the-psychological-toll-of-violence","https://static.wixstatic.com/media/74d008_9a7e4a9d90134a8daf0aed33aacb4f0d~mv2.jpg/v1/fill/w_980,h_735,al_c,q_85,usm_0.66_1.00_0.01,enc_avif,quality_auto/74d008_9a7e4a9d90134a8daf0aed33aacb4f0d~mv2.jpg","Photo of a Life for Relief and Development (LIFE) team member and a young girl smiling together, giving a thumbs up. ","117"
"Image","https://www.lifeusa.org/post/children-in-crisis-the-psychological-toll-of-violence","https://static.wixstatic.com/media/74d008_e2c52b693ea94adda076cb7eaa2de49e~mv2.jpg/v1/fill/w_980,h_735,al_c,q_85,usm_0.66_1.00_0.01,enc_avif,quality_auto/74d008_e2c52b693ea94adda076cb7eaa2de49e~mv2.jpg","Photo of the entertainment at the Life for Relief and Development (LIFE) Global Orphan Eid Party in Gaza. ","106"
"Image","https://www.lifeusa.org/post/children-in-crisis-the-psychological-toll-of-violence","https://static.wixstatic.com/media/74d008_5608775458d842979bcc218cbde6f0df~mv2.jpg/v1/fill/w_980,h_735,al_c,q_85,usm_0.66_1.00_0.01,enc_avif,quality_auto/74d008_5608775458d842979bcc218cbde6f0df~mv2.jpg","Photo of children enjoying the Life for Relief and Development (LIFE) Global Orphan Eid Party in Gaza. ","103"
"Image","https://www.lifeusa.org/post/children-in-crisis-the-psychological-toll-of-violence","https://static.wixstatic.com/media/74d008_3cd2291aa32e4e25ab6948041af19b96~mv2.jpg/v1/fill/w_980,h_652,al_c,q_85,usm_0.66_1.00_0.01,enc_avif,quality_auto/74d008_3cd2291aa32e4e25ab6948041af19b96~mv2.jpg","Photo of a young girl receiving a gift at the Life for Relief and Development (LIFE) Global Orphan Eid party in Jordan. ","120"
"Image","https://www.lifeusa.org/post/the-world-keeps-making-more-plastic-and-the-cost-is-human","https://static.wixstatic.com/media/74d008_6cb80cf314e54adb9b980605199e5346~mv2.jpg/v1/fill/w_980,h_653,al_c,q_85,usm_0.66_1.00_0.01,enc_avif,quality_auto/74d008_6cb80cf314e54adb9b980605199e5346~mv2.jpg","Photo of children receiving backpacks filled with school supplies as a part of Life for Relief and Development's Back to School program. ","137"
"Image","https://www.lifeusa.org/blogs","https://static.wixstatic.com/media/74d008_23104e66d3b14b7c98f45f1292b0982e~mv2.jpg/v1/fill/w_333,h_250,fp_0.50_0.50,q_30,blur_30,enc_avif,quality_auto/74d008_23104e66d3b14b7c98f45f1292b0982e~mv2.webp","Double or Triple Your Donation Without Spending More Through Life for Relief and Development (LIFE) Matching Gift Program","121"
"Image","https://www.lifeusa.org/blogs","https://static.wixstatic.com/media/74d008_1eb0bed6d1944db293b00b4a6fa835cd~mv2.jpg/v1/fill/w_333,h_250,fp_0.50_0.50,q_30,blur_30,enc_avif,quality_auto/74d008_1eb0bed6d1944db293b00b4a6fa835cd~mv2.webp","Cold Kills 5 million a Year, Life for Relief and Development USA (LIFE)'s Winter Aid Helps Prevent This Tragedy ","112"
"Image","https://www.lifeusa.org/no/categories/life-blog","https://static.wixstatic.com/media/74d008_1eb0bed6d1944db293b00b4a6fa835cd~mv2.jpg/v1/fill/w_333,h_250,fp_0.50_0.50,q_30,blur_30,enc_avif,quality_auto/74d008_1eb0bed6d1944db293b00b4a6fa835cd~mv2.webp","Cold Kills 5 million a Year, Life for Relief and Development USA (LIFE)'s Winter Aid Helps Prevent This Tragedy ","112"
"Image","https://www.lifeusa.org/blogs","https://static.wixstatic.com/media/74d008_1eb0bed6d1944db293b00b4a6fa835cd~mv2.jpg/v1/fill/w_314,h_236,fp_0.50_0.50,q_90,enc_avif,quality_auto/74d008_1eb0bed6d1944db293b00b4a6fa835cd~mv2.webp","Cold Kills 5 million a Year, Life for Relief and Development USA (LIFE)'s Winter Aid Helps Prevent This Tragedy ","112"
"Image","https://www.lifeusa.org/blogs","https://static.wixstatic.com/media/74d008_39a6fc8bc8b94d9b99452850a9f11aea~mv2.jpg/v1/fill/w_334,h_250,fp_0.50_0.50,q_30,blur_30,enc_avif,quality_auto/74d008_39a6fc8bc8b94d9b99452850a9f11aea~mv2.webp","Photo of a boy holding a portion of fresh meat from one of Life for Relief and Development's (LIFE) USA Udhiyah/Qurbani distributions.","134"
"Image","https://www.lifeusa.org/post/what-happens-when-you-can-t-see-in-a-refugee-camp","https://static.wixstatic.com/media/74d008_8b6caea3e9ef4d9f9a709a9c4cf16bc0~mv2.jpg/v1/fill/w_980,h_738,al_c,q_85,usm_0.66_1.00_0.01,enc_avif,quality_auto/74d008_8b6caea3e9ef4d9f9a709a9c4cf16bc0~mv2.jpg","Photo of a baby receiving treatment at the Life for Relief and Development USA (LIFE) eye clinic in Bangladesh. ","112"
"Image","https://www.lifeusa.org/post/what-happens-when-you-can-t-see-in-a-refugee-camp","https://static.wixstatic.com/media/74d008_2659d1c0582a443abe21f88591e79231~mv2.jpg/v1/fill/w_980,h_1302,al_c,q_85,usm_0.66_1.00_0.01,enc_avif,quality_auto/74d008_2659d1c0582a443abe21f88591e79231~mv2.jpg","Photo of a young man receiving an eye check-up at the Life for Relief and Development (LIFE) eye clinic.","104"
"Image","https://www.lifeusa.org/post/the-challenges-humanitarian-organizations-face-after-conflict-ends","https://static.wixstatic.com/media/74d008_ebfad58ff280410fbcc0dc7f3172cd94~mv2.jpg/v1/fill/w_980,h_594,al_c,q_85,usm_0.66_1.00_0.01,enc_avif,quality_auto/74d008_ebfad58ff280410fbcc0dc7f3172cd94~mv2.jpg","Photo of Life for Relief and Development USA (LIFE) team members welcoming a young child into a clothing distribution. ","119"
"Image","https://www.lifeusa.org/post/the-challenges-humanitarian-organizations-face-after-conflict-ends","https://static.wixstatic.com/media/74d008_341c93d6973f4693be670dd92802a6cd~mv2.jpeg/v1/fill/w_980,h_735,al_c,q_85,usm_0.66_1.00_0.01,enc_avif,quality_auto/74d008_341c93d6973f4693be670dd92802a6cd~mv2.jpeg","Photo of a young girl in Gaza holding fresh canned Udhiyah meat from Life for Relief and Development USA (LIFE). ","113"
"Image","https://www.lifeusa.org/post/the-challenges-humanitarian-organizations-face-after-conflict-ends","https://static.wixstatic.com/media/74d008_5d94dff0a7b447abaab12feb15bf4388~mv2.jpg/v1/fill/w_980,h_551,al_c,q_85,usm_0.66_1.00_0.01,enc_avif,quality_auto/74d008_5d94dff0a7b447abaab12feb15bf4388~mv2.jpg","Photo of a Life for Relief and Development USA (LIFE) team member giving a man in Gaza a food basket. ","102"
"Image","https://www.lifeusa.org/post/monsoon-flood-in-northern-pakistan-takes-everything-from-villagers-life-usa-helps-families-rebuild","https://static.wixstatic.com/media/74d008_087bf460aca74c4c9dd062be1f2da7f9~mv2.jpg/v1/fill/w_980,h_735,al_c,q_85,usm_0.66_1.00_0.01,enc_avif,quality_auto/74d008_087bf460aca74c4c9dd062be1f2da7f9~mv2.jpg","Photo of Life for Relief and Development USA (LIFE) team member serving hot meals to families in need. ","103"
"Image","https://www.lifeusa.org/no","https://static.wixstatic.com/media/74d008_24db9bb0d32f4b919a04de8c3c214d18~mv2.jpeg/v1/fill/w_333,h_250,fp_0.50_0.50,q_30,blur_30,enc_avif,quality_auto/74d008_24db9bb0d32f4b919a04de8c3c214d18~mv2.webp","Fighting Hunger in Somalia: Life for Relief and Development (LIFE)’s Food Distribution Reaches Displaced Families ","114"
"Image","https://www.lifeusa.org/no/categories/reports","https://static.wixstatic.com/media/74d008_24db9bb0d32f4b919a04de8c3c214d18~mv2.jpeg/v1/fill/w_333,h_250,fp_0.50_0.50,q_30,blur_30,enc_avif,quality_auto/74d008_24db9bb0d32f4b919a04de8c3c214d18~mv2.webp","Fighting Hunger in Somalia: Life for Relief and Development (LIFE)’s Food Distribution Reaches Displaced Families ","114"
"Image","https://www.lifeusa.org/news","https://static.wixstatic.com/media/74d008_24db9bb0d32f4b919a04de8c3c214d18~mv2.jpeg/v1/fill/w_333,h_250,fp_0.50_0.50,q_30,blur_30,enc_avif,quality_auto/74d008_24db9bb0d32f4b919a04de8c3c214d18~mv2.webp","Fighting Hunger in Somalia: Life for Relief and Development (LIFE)’s Food Distribution Reaches Displaced Families ","114"
"Image","https://www.lifeusa.org/no","https://static.wixstatic.com/media/74d008_7326d883078243868c3c0631bbb3f61c~mv2.png/v1/fill/w_333,h_250,fp_0.50_0.50,q_35,blur_30,enc_avif,quality_auto/74d008_7326d883078243868c3c0631bbb3f61c~mv2.webp","Respite and Joy Provided to Hundreds of Gaza Orphans Through Life for Relief and Development (LIFE)’s Eid Party Celebration ","124"
"Image","https://www.lifeusa.org/no/categories/reports","https://static.wixstatic.com/media/74d008_7326d883078243868c3c0631bbb3f61c~mv2.png/v1/fill/w_333,h_250,fp_0.50_0.50,q_35,blur_30,enc_avif,quality_auto/74d008_7326d883078243868c3c0631bbb3f61c~mv2.webp","Respite and Joy Provided to Hundreds of Gaza Orphans Through Life for Relief and Development (LIFE)’s Eid Party Celebration ","124"
"Image","https://www.lifeusa.org/news","https://static.wixstatic.com/media/74d008_7326d883078243868c3c0631bbb3f61c~mv2.png/v1/fill/w_333,h_250,fp_0.50_0.50,q_35,blur_30,enc_avif,quality_auto/74d008_7326d883078243868c3c0631bbb3f61c~mv2.webp","Respite and Joy Provided to Hundreds of Gaza Orphans Through Life for Relief and Development (LIFE)’s Eid Party Celebration ","124"
"Image","https://www.lifeusa.org/no","https://static.wixstatic.com/media/74d008_1ec23774ae2947beb7f0106d0971e777~mv2.jpg/v1/fill/w_333,h_250,fp_0.50_0.50,q_30,blur_30,enc_avif,quality_auto/74d008_1ec23774ae2947beb7f0106d0971e777~mv2.webp","Clean Water, New Possibilities Through Life for Relief and Development (LIFE)’s Water Well Projects in Ghana ","109"
"Image","https://www.lifeusa.org/no/categories/reports","https://static.wixstatic.com/media/74d008_1ec23774ae2947beb7f0106d0971e777~mv2.jpg/v1/fill/w_333,h_250,fp_0.50_0.50,q_30,blur_30,enc_avif,quality_auto/74d008_1ec23774ae2947beb7f0106d0971e777~mv2.webp","Clean Water, New Possibilities Through Life for Relief and Development (LIFE)’s Water Well Projects in Ghana ","109"
"Image","https://www.lifeusa.org/news","https://static.wixstatic.com/media/74d008_1ec23774ae2947beb7f0106d0971e777~mv2.jpg/v1/fill/w_333,h_250,fp_0.50_0.50,q_30,blur_30,enc_avif,quality_auto/74d008_1ec23774ae2947beb7f0106d0971e777~mv2.webp","Clean Water, New Possibilities Through Life for Relief and Development (LIFE)’s Water Well Projects in Ghana ","109"
"Image","https://www.lifeusa.org/no","https://static.wixstatic.com/media/74d008_57afafc9fbf64e7585702e25f631dd3e~mv2.jpg/v1/fill/w_333,h_250,fp_0.50_0.50,q_30,blur_30,enc_avif,quality_auto/74d008_57afafc9fbf64e7585702e25f631dd3e~mv2.webp","Hope Returns to the Classroom Through Life for Relief and Development (LIFE)’s Orphan Sponsorship in Kenya ","107"
"Image","https://www.lifeusa.org/no/categories/reports","https://static.wixstatic.com/media/74d008_57afafc9fbf64e7585702e25f631dd3e~mv2.jpg/v1/fill/w_333,h_250,fp_0.50_0.50,q_30,blur_30,enc_avif,quality_auto/74d008_57afafc9fbf64e7585702e25f631dd3e~mv2.webp","Hope Returns to the Classroom Through Life for Relief and Development (LIFE)’s Orphan Sponsorship in Kenya ","107"
"Image","https://www.lifeusa.org/news","https://static.wixstatic.com/media/74d008_57afafc9fbf64e7585702e25f631dd3e~mv2.jpg/v1/fill/w_333,h_250,fp_0.50_0.50,q_30,blur_30,enc_avif,quality_auto/74d008_57afafc9fbf64e7585702e25f631dd3e~mv2.webp","Hope Returns to the Classroom Through Life for Relief and Development (LIFE)’s Orphan Sponsorship in Kenya ","107"
"Image","https://www.lifeusa.org/no","https://static.wixstatic.com/media/74d008_57afafc9fbf64e7585702e25f631dd3e~mv2.jpg/v1/fill/w_292,h_219,fp_0.50_0.50,q_90,enc_avif,quality_auto/74d008_57afafc9fbf64e7585702e25f631dd3e~mv2.webp","Hope Returns to the Classroom Through Life for Relief and Development (LIFE)’s Orphan Sponsorship in Kenya ","107"
"Image","https://www.lifeusa.org/no/categories/reports","https://static.wixstatic.com/media/74d008_57afafc9fbf64e7585702e25f631dd3e~mv2.jpg/v1/fill/w_292,h_219,fp_0.50_0.50,q_90,enc_avif,quality_auto/74d008_57afafc9fbf64e7585702e25f631dd3e~mv2.webp","Hope Returns to the Classroom Through Life for Relief and Development (LIFE)’s Orphan Sponsorship in Kenya ","107"
"Image","https://www.lifeusa.org/no","https://static.wixstatic.com/media/74d008_a30bae0f77e14fc0ba0c5e237dbf0050~mv2.jpg/v1/fill/w_292,h_219,fp_0.50_0.50,q_90,enc_avif,quality_auto/74d008_a30bae0f77e14fc0ba0c5e237dbf0050~mv2.webp","Clean Water for Students as Life for Relief and Development (LIFE) Installs Solar Water Wells in Pakistan","105"
"Image","https://www.lifeusa.org/no/categories/reports","https://static.wixstatic.com/media/74d008_a30bae0f77e14fc0ba0c5e237dbf0050~mv2.jpg/v1/fill/w_292,h_219,fp_0.50_0.50,q_90,enc_avif,quality_auto/74d008_a30bae0f77e14fc0ba0c5e237dbf0050~mv2.webp","Clean Water for Students as Life for Relief and Development (LIFE) Installs Solar Water Wells in Pakistan","105"
"Image","https://www.lifeusa.org/no","https://static.wixstatic.com/media/74d008_24db9bb0d32f4b919a04de8c3c214d18~mv2.jpeg/v1/fill/w_292,h_219,fp_0.50_0.50,q_90,enc_avif,quality_auto/74d008_24db9bb0d32f4b919a04de8c3c214d18~mv2.webp","Fighting Hunger in Somalia: Life for Relief and Development (LIFE)’s Food Distribution Reaches Displaced Families ","114"
"Image","https://www.lifeusa.org/no/categories/reports","https://static.wixstatic.com/media/74d008_24db9bb0d32f4b919a04de8c3c214d18~mv2.jpeg/v1/fill/w_292,h_219,fp_0.50_0.50,q_90,enc_avif,quality_auto/74d008_24db9bb0d32f4b919a04de8c3c214d18~mv2.webp","Fighting Hunger in Somalia: Life for Relief and Development (LIFE)’s Food Distribution Reaches Displaced Families ","114"
"Image","https://www.lifeusa.org/no/categories/life-blog","https://static.wixstatic.com/media/74d008_1eb0bed6d1944db293b00b4a6fa835cd~mv2.jpg/v1/fill/w_292,h_219,fp_0.50_0.50,q_90,enc_avif,quality_auto/74d008_1eb0bed6d1944db293b00b4a6fa835cd~mv2.webp","Cold Kills 5 million a Year, Life for Relief and Development USA (LIFE)'s Winter Aid Helps Prevent This Tragedy ","112"
"Image","https://www.lifeusa.org/no/categories/reports","https://static.wixstatic.com/media/74d008_1a87b8341b974d61b23ea37cb1c1ab9b~mv2.png/v1/fill/w_333,h_250,fp_0.50_0.50,q_35,blur_30,enc_avif,quality_auto/74d008_1a87b8341b974d61b23ea37cb1c1ab9b~mv2.webp","Life for Relief and Development (LIFE) Delivers Emergency Food and Water Assistance in Gaza Through Solar-Powered Filtration","124"
"Image","https://www.lifeusa.org/news","https://static.wixstatic.com/media/74d008_1a87b8341b974d61b23ea37cb1c1ab9b~mv2.png/v1/fill/w_333,h_250,fp_0.50_0.50,q_35,blur_30,enc_avif,quality_auto/74d008_1a87b8341b974d61b23ea37cb1c1ab9b~mv2.webp","Life for Relief and Development (LIFE) Delivers Emergency Food and Water Assistance in Gaza Through Solar-Powered Filtration","124"
"Image","https://www.lifeusa.org/no/categories/reports","https://static.wixstatic.com/media/74d008_4a7d8a125b7840e885885b98ff93248a~mv2.jpg/v1/fill/w_292,h_219,fp_0.50_0.50,q_90,enc_avif,quality_auto/74d008_4a7d8a125b7840e885885b98ff93248a~mv2.webp","Life for Relief and Development (LIFE) USA Restores Shelter and Safety for 8,050 Displaced Individuals in Gaza","110"
"Image","https://www.lifeusa.org/no/categories/reports","https://static.wixstatic.com/media/74d008_4a7d8a125b7840e885885b98ff93248a~mv2.jpg/v1/fill/w_333,h_250,fp_0.50_0.50,q_30,blur_30,enc_avif,quality_auto/74d008_4a7d8a125b7840e885885b98ff93248a~mv2.webp","Life for Relief and Development (LIFE) USA Restores Shelter and Safety for 8,050 Displaced Individuals in Gaza","110"
"Image","https://www.lifeusa.org/news","https://static.wixstatic.com/media/74d008_4a7d8a125b7840e885885b98ff93248a~mv2.jpg/v1/fill/w_333,h_250,fp_0.50_0.50,q_30,blur_30,enc_avif,quality_auto/74d008_4a7d8a125b7840e885885b98ff93248a~mv2.webp","Life for Relief and Development (LIFE) USA Restores Shelter and Safety for 8,050 Displaced Individuals in Gaza","110"
"Image","https://www.lifeusa.org/no/categories/reports","https://static.wixstatic.com/media/74d008_1a87b8341b974d61b23ea37cb1c1ab9b~mv2.png/v1/fill/w_292,h_219,fp_0.50_0.50,q_95,enc_avif,quality_auto/74d008_1a87b8341b974d61b23ea37cb1c1ab9b~mv2.webp","Life for Relief and Development (LIFE) Delivers Emergency Food and Water Assistance in Gaza Through Solar-Powered Filtration","124"
"Image","https://www.lifeusa.org/post/women-s-empowerment-the-key-to-solving-world-hunger","https://static.wixstatic.com/media/74d008_66c17d6ff99d4cb3b21264f7290155c2~mv2.jpg/v1/fill/w_980,h_735,al_c,q_85,usm_0.66_1.00_0.01,enc_avif,quality_auto/74d008_66c17d6ff99d4cb3b21264f7290155c2~mv2.jpg","Photo of a young girl holding up her Life for Relief and Development (LIFE) backpack filled with school supplies. ","114"
"Image","https://www.lifeusa.org/post/women-s-empowerment-the-key-to-solving-world-hunger","https://static.wixstatic.com/media/74d008_a66bb63990f346dbaab1d28bf1bfd614~mv2.jpg/v1/fill/w_980,h_576,al_c,q_85,usm_0.66_1.00_0.01,enc_avif,quality_auto/74d008_a66bb63990f346dbaab1d28bf1bfd614~mv2.jpg","Photo of the Life for Relief and Development (LIFE) team distributing baby formula and diapers to mothers in Gaza. ","115"
"Image","https://www.lifeusa.org/post/women-s-empowerment-the-key-to-solving-world-hunger","https://static.wixstatic.com/media/74d008_4334c73515fc4a2cafa4d77584cebd3a~mv2.jpg/v1/fill/w_980,h_550,al_c,q_85,usm_0.66_1.00_0.01,enc_avif,quality_auto/74d008_4334c73515fc4a2cafa4d77584cebd3a~mv2.jpg","Photo of young women attending university classes as a part of LIFE's higher education project in Syria. ","105"
"Image","https://www.lifeusa.org/post/women-s-empowerment-the-key-to-solving-world-hunger","https://static.wixstatic.com/media/74d008_1f65aebf4972493b9382184207a38fc0~mv2.jpg/v1/fill/w_980,h_653,al_c,q_85,usm_0.66_1.00_0.01,enc_avif,quality_auto/74d008_1f65aebf4972493b9382184207a38fc0~mv2.jpg","



Photo of two young girls in Afghanistan enjoying fresh, clean water from a newly built Life for Relief and Development (LIFE) water well. 

","144"
"Image","https://www.lifeusa.org/post/women-s-empowerment-the-key-to-solving-world-hunger","https://static.wixstatic.com/media/74d008_55c4c5d2d813488c81b082e32720a76d~mv2.jpg/v1/fill/w_980,h_551,al_c,q_85,usm_0.66_1.00_0.01,enc_avif,quality_auto/74d008_55c4c5d2d813488c81b082e32720a76d~mv2.jpg","Photo of the Life for Relief and Development (LIFE) team distributing baby formula and diapers to mothers in Gaza. ","115"
"Image","https://www.lifeusa.org/post/life-supports-mothers-and-orphans-in-gaza-with-critical-baby-formula-and-other-essentials","https://static.wixstatic.com/media/74d008_55c4c5d2d813488c81b082e32720a76d~mv2.jpg/v1/fill/w_980,h_551,al_c,q_85,usm_0.66_1.00_0.01,enc_avif,quality_auto/74d008_55c4c5d2d813488c81b082e32720a76d~mv2.jpg","","0"
"Image","https://www.lifeusa.org/post/life-supports-mothers-and-orphans-in-gaza-with-critical-baby-formula-and-other-essentials","https://static.wixstatic.com/media/74d008_55c4c5d2d813488c81b082e32720a76d~mv2.jpg/v1/fill/w_980,h_551,al_c,q_85,usm_0.66_1.00_0.01,enc_avif,quality_auto/74d008_55c4c5d2d813488c81b082e32720a76d~mv2.jpg","","0"
"Image","https://www.lifeusa.org/post/afghanistan-s-earthquake-stories-of-survival-and-relief","https://static.wixstatic.com/media/74d008_ce2f976467ea447c8bf0ba4a8c4284b3~mv2.jpg/v1/fill/w_980,h_653,al_c,q_85,usm_0.66_1.00_0.01,enc_avif,quality_auto/74d008_ce2f976467ea447c8bf0ba4a8c4284b3~mv2.jpg","Photo of a man receiving food and essentials from the Life for Relief and Development USA (LIFE) team in Afghanistan. ","118"
"Image","https://www.lifeusa.org/post/afghanistan-s-earthquake-stories-of-survival-and-relief","https://static.wixstatic.com/media/74d008_ffe9a7369d00418fa4a8ffca1b88d4c6~mv2.jpg/v1/fill/w_980,h_735,al_c,q_85,usm_0.66_1.00_0.01,enc_avif,quality_auto/74d008_ffe9a7369d00418fa4a8ffca1b88d4c6~mv2.jpg","Photo of a father and his son receiving medical care from the Life for Relief and Development USA (LIFE) team in Afghanistan. ","126"
"Image","https://www.lifeusa.org/post/children-forced-to-sleep-in-cars-and-on-the-streets-as-over-800-000-are-displaced-in-lebanon","https://static.wixstatic.com/media/74d008_c724cf67592d41e9ad1a454a4a278ee5~mv2.jpg/v1/fill/w_980,h_653,al_c,q_85,usm_0.66_1.00_0.01,enc_avif,quality_auto/74d008_c724cf67592d41e9ad1a454a4a278ee5~mv2.jpg","Photo of Life for Relief and Development (LIFE) team distributing food aid in affected areas in Lebanon. ","105"
"Image","https://www.lifeusa.org/post/starvation-in-gaza-why-the-world-must-act-now-before-thousands-more-die","https://static.wixstatic.com/media/74d008_d6e51b9da833447e86d0198d63ab7bbc~mv2.jpg/v1/fill/w_980,h_551,al_c,q_85,usm_0.66_1.00_0.01,enc_avif,quality_auto/74d008_d6e51b9da833447e86d0198d63ab7bbc~mv2.jpg","Photo of a Life for Relief and Development USA (LIFE) team member giving a young girl a hot meal in Gaza. ","106"
"Image","https://www.lifeusa.org/news","https://static.wixstatic.com/media/74d008_1ec23774ae2947beb7f0106d0971e777~mv2.jpg/v1/fill/w_302,h_227,fp_0.50_0.50,q_90,enc_avif,quality_auto/74d008_1ec23774ae2947beb7f0106d0971e777~mv2.webp","Clean Water, New Possibilities Through Life for Relief and Development (LIFE)’s Water Well Projects in Ghana ","109"
"Image","https://www.lifeusa.org/news","https://static.wixstatic.com/media/74d008_24db9bb0d32f4b919a04de8c3c214d18~mv2.jpeg/v1/fill/w_302,h_227,fp_0.50_0.50,q_90,enc_avif,quality_auto/74d008_24db9bb0d32f4b919a04de8c3c214d18~mv2.webp","Fighting Hunger in Somalia: Life for Relief and Development (LIFE)’s Food Distribution Reaches Displaced Families ","114"
"Image","https://www.lifeusa.org/news","https://static.wixstatic.com/media/74d008_4a7d8a125b7840e885885b98ff93248a~mv2.jpg/v1/fill/w_302,h_227,fp_0.50_0.50,q_90,enc_avif,quality_auto/74d008_4a7d8a125b7840e885885b98ff93248a~mv2.webp","Life for Relief and Development (LIFE) USA Restores Shelter and Safety for 8,050 Displaced Individuals in Gaza","110"
"Image","https://www.lifeusa.org/post/write-your-will-for-free-and-let-the-good-you-do-today-last-forever","https://static.wixstatic.com/media/74d008_8aaf024946e44f42b5c9dc07d82f1ba6~mv2.jpg/v1/fill/w_980,h_735,al_c,q_85,usm_0.66_1.00_0.01,enc_avif,quality_auto/74d008_8aaf024946e44f42b5c9dc07d82f1ba6~mv2.jpg","Photo of a group of boys smiling in front of the new LIFE water well in Pakistan. ","82"
"Image","https://www.lifeusa.org/post/the-challenges-humanitarian-organizations-face-after-conflict-ends","https://static.wixstatic.com/media/74d008_8aaf024946e44f42b5c9dc07d82f1ba6~mv2.jpg/v1/fill/w_980,h_735,al_c,q_85,usm_0.66_1.00_0.01,enc_avif,quality_auto/74d008_8aaf024946e44f42b5c9dc07d82f1ba6~mv2.jpg","Photo of young boys in Pakistan smiling beside a brand-new Life for Relief and Development USA (LIFE) water well. ","114"
"Image","https://www.lifeusa.org/post/winter-flooding-in-gaza-leaves-families-cold-and-exhausted","https://static.wixstatic.com/media/74d008_05f7596afec647e9811e48d09cffc7f3~mv2.jpg/v1/fill/w_980,h_735,al_c,q_85,usm_0.66_1.00_0.01,enc_avif,quality_auto/74d008_05f7596afec647e9811e48d09cffc7f3~mv2.jpg","Photo of a Life for Relief and Development USA (LIFE) team member giving Hassan winter relief aid in Gaza. ","107"
"Image","https://www.lifeusa.org/post/winter-flooding-in-gaza-leaves-families-cold-and-exhausted","https://static.wixstatic.com/media/74d008_471678df05cc4a68b074c97a0b738b4c~mv2.jpg/v1/fill/w_980,h_735,al_c,q_85,usm_0.66_1.00_0.01,enc_avif,quality_auto/74d008_471678df05cc4a68b074c97a0b738b4c~mv2.jpg","Photo of a Life for Relief and Development (LIFE) team member in Gaza giving Maryam a winter coat and shoes.","108"
"Image","https://www.lifeusa.org/post/winter-flooding-in-gaza-leaves-families-cold-and-exhausted","https://static.wixstatic.com/media/74d008_c21cf8f2b10e42ae89ae4ae8f4a518d6~mv2.jpg/v1/fill/w_980,h_735,al_c,q_85,usm_0.66_1.00_0.01,enc_avif,quality_auto/74d008_c21cf8f2b10e42ae89ae4ae8f4a518d6~mv2.jpg","Photo of a Life for Relief and Development USA (LIFE) team member giving a young boy in Gaza a jacket. ","103"
"Image","https://www.lifeusa.org/post/school-supplies-could-be-the-key-to-ending-poverty","https://static.wixstatic.com/media/74d008_4a22ec4632664108a1687e8ae18d5c78~mv2.jpg/v1/fill/w_980,h_653,al_c,q_85,usm_0.66_1.00_0.01,enc_avif,quality_auto/74d008_4a22ec4632664108a1687e8ae18d5c78~mv2.jpg","Photo of a young boy receiving a Life for Relief and Development USA (LIFE) backpack from a LIFE team member in Egypt.","118"
"Image","https://www.lifeusa.org/post/winter-flooding-in-gaza-leaves-families-cold-and-exhausted","https://static.wixstatic.com/media/74d008_9b379ebee6ae45cfb7c49d1004897229~mv2.jpg/v1/fill/w_980,h_547,al_c,q_85,usm_0.66_1.00_0.01,enc_avif,quality_auto/74d008_9b379ebee6ae45cfb7c49d1004897229~mv2.jpg","Photo of a little girl standing in front of a Life for Relief and Development USA (LIFE) tent in Gaza. ","103"
"Image","https://www.lifeusa.org/post/school-supplies-could-be-the-key-to-ending-poverty","https://static.wixstatic.com/media/74d008_c4b57377cb23443ca7752d9cb9293788~mv2.jpg/v1/fill/w_980,h_653,al_c,q_85,usm_0.66_1.00_0.01,enc_avif,quality_auto/74d008_c4b57377cb23443ca7752d9cb9293788~mv2.jpg","Photo of a young girl receiving a Life for Relief and Development USA (LIFE) backpack from a LIFE team member in Afghanistan.
","126"
"Image","https://www.lifeusa.org/post/cold-kills-5-million-a-year-life-s-winter-aid-helps-prevent-this-tragedy","https://static.wixstatic.com/media/74d008_1eb0bed6d1944db293b00b4a6fa835cd~mv2.jpg/v1/fill/w_980,h_735,al_c,q_85,usm_0.66_1.00_0.01,enc_avif,quality_auto/74d008_1eb0bed6d1944db293b00b4a6fa835cd~mv2.jpg","Photo of a Life for Relief and Development USA (LIFE) team member giving a young child in Gaza a winter coat.","109"
"Image","https://www.lifeusa.org/post/health-for-all-how-life-is-closing-the-global-healthcare-gap","https://static.wixstatic.com/media/74d008_1e56e1264754439a87a5d7e67c1b1b1d~mv2.jpg/v1/fill/w_980,h_735,al_c,q_85,usm_0.66_1.00_0.01,enc_avif,quality_auto/74d008_1e56e1264754439a87a5d7e67c1b1b1d~mv2.jpg","Photo of a doctor helping survivors of the Afghanistan earthquake in Life for Relief and Development USA (LIFE)'s mobile medical clinic. ","137"
"Image","https://www.lifeusa.org/no","https://static.wixstatic.com/media/74d008_7326d883078243868c3c0631bbb3f61c~mv2.png/v1/fill/w_292,h_219,fp_0.50_0.50,q_95,enc_avif,quality_auto/74d008_7326d883078243868c3c0631bbb3f61c~mv2.webp","Respite and Joy Provided to Hundreds of Gaza Orphans Through Life for Relief and Development (LIFE)’s Eid Party Celebration ","124"
"Image","https://www.lifeusa.org/no/categories/reports","https://static.wixstatic.com/media/74d008_7326d883078243868c3c0631bbb3f61c~mv2.png/v1/fill/w_292,h_219,fp_0.50_0.50,q_95,enc_avif,quality_auto/74d008_7326d883078243868c3c0631bbb3f61c~mv2.webp","Respite and Joy Provided to Hundreds of Gaza Orphans Through Life for Relief and Development (LIFE)’s Eid Party Celebration ","124"
"Image","https://www.lifeusa.org/no","https://static.wixstatic.com/media/74d008_469a27e703234b6fb0d80a4c13df3ce7~mv2.jpg/v1/fill/w_292,h_219,fp_0.50_0.50,q_90,enc_avif,quality_auto/74d008_469a27e703234b6fb0d80a4c13df3ce7~mv2.webp","Clean Water Restored Through Life for Relief and Development (LIFE)’s Water Well Projects in Sierra Leone ","106"
"Image","https://www.lifeusa.org/no/categories/reports","https://static.wixstatic.com/media/74d008_469a27e703234b6fb0d80a4c13df3ce7~mv2.jpg/v1/fill/w_292,h_219,fp_0.50_0.50,q_90,enc_avif,quality_auto/74d008_469a27e703234b6fb0d80a4c13df3ce7~mv2.webp","Clean Water Restored Through Life for Relief and Development (LIFE)’s Water Well Projects in Sierra Leone ","106"
"Image","https://www.lifeusa.org/no","https://static.wixstatic.com/media/74d008_a30bae0f77e14fc0ba0c5e237dbf0050~mv2.jpg/v1/fill/w_333,h_250,fp_0.50_0.50,q_30,blur_30,enc_avif,quality_auto/74d008_a30bae0f77e14fc0ba0c5e237dbf0050~mv2.webp","Clean Water for Students as Life for Relief and Development (LIFE) Installs Solar Water Wells in Pakistan","105"
"Image","https://www.lifeusa.org/no/categories/reports","https://static.wixstatic.com/media/74d008_a30bae0f77e14fc0ba0c5e237dbf0050~mv2.jpg/v1/fill/w_333,h_250,fp_0.50_0.50,q_30,blur_30,enc_avif,quality_auto/74d008_a30bae0f77e14fc0ba0c5e237dbf0050~mv2.webp","Clean Water for Students as Life for Relief and Development (LIFE) Installs Solar Water Wells in Pakistan","105"
"Image","https://www.lifeusa.org/news","https://static.wixstatic.com/media/74d008_a30bae0f77e14fc0ba0c5e237dbf0050~mv2.jpg/v1/fill/w_333,h_250,fp_0.50_0.50,q_30,blur_30,enc_avif,quality_auto/74d008_a30bae0f77e14fc0ba0c5e237dbf0050~mv2.webp","Clean Water for Students as Life for Relief and Development (LIFE) Installs Solar Water Wells in Pakistan","105"
"Image","https://www.lifeusa.org/no","https://static.wixstatic.com/media/74d008_469a27e703234b6fb0d80a4c13df3ce7~mv2.jpg/v1/fill/w_333,h_250,fp_0.50_0.50,q_30,blur_30,enc_avif,quality_auto/74d008_469a27e703234b6fb0d80a4c13df3ce7~mv2.webp","Clean Water Restored Through Life for Relief and Development (LIFE)’s Water Well Projects in Sierra Leone ","106"
"Image","https://www.lifeusa.org/no/categories/reports","https://static.wixstatic.com/media/74d008_469a27e703234b6fb0d80a4c13df3ce7~mv2.jpg/v1/fill/w_333,h_250,fp_0.50_0.50,q_30,blur_30,enc_avif,quality_auto/74d008_469a27e703234b6fb0d80a4c13df3ce7~mv2.webp","Clean Water Restored Through Life for Relief and Development (LIFE)’s Water Well Projects in Sierra Leone ","106"
"Image","https://www.lifeusa.org/news","https://static.wixstatic.com/media/74d008_469a27e703234b6fb0d80a4c13df3ce7~mv2.jpg/v1/fill/w_333,h_250,fp_0.50_0.50,q_30,blur_30,enc_avif,quality_auto/74d008_469a27e703234b6fb0d80a4c13df3ce7~mv2.webp","Clean Water Restored Through Life for Relief and Development (LIFE)’s Water Well Projects in Sierra Leone ","106"
"Image","https://www.lifeusa.org/no","https://static.wixstatic.com/media/74d008_1ec23774ae2947beb7f0106d0971e777~mv2.jpg/v1/fill/w_292,h_219,fp_0.50_0.50,q_90,enc_avif,quality_auto/74d008_1ec23774ae2947beb7f0106d0971e777~mv2.webp","Clean Water, New Possibilities Through Life for Relief and Development (LIFE)’s Water Well Projects in Ghana ","109"
"Image","https://www.lifeusa.org/no/categories/reports","https://static.wixstatic.com/media/74d008_1ec23774ae2947beb7f0106d0971e777~mv2.jpg/v1/fill/w_292,h_219,fp_0.50_0.50,q_90,enc_avif,quality_auto/74d008_1ec23774ae2947beb7f0106d0971e777~mv2.webp","Clean Water, New Possibilities Through Life for Relief and Development (LIFE)’s Water Well Projects in Ghana ","109"
"Image","https://www.lifeusa.org/news","https://static.wixstatic.com/media/74d008_1a87b8341b974d61b23ea37cb1c1ab9b~mv2.png/v1/fill/w_302,h_227,fp_0.50_0.50,q_95,enc_avif,quality_auto/74d008_1a87b8341b974d61b23ea37cb1c1ab9b~mv2.webp","Life for Relief and Development (LIFE) Delivers Emergency Food and Water Assistance in Gaza Through Solar-Powered Filtration","124"
"Image","https://www.lifeusa.org/news","https://static.wixstatic.com/media/74d008_a30bae0f77e14fc0ba0c5e237dbf0050~mv2.jpg/v1/fill/w_302,h_227,fp_0.50_0.50,q_90,enc_avif,quality_auto/74d008_a30bae0f77e14fc0ba0c5e237dbf0050~mv2.webp","Clean Water for Students as Life for Relief and Development (LIFE) Installs Solar Water Wells in Pakistan","105"
"Image","https://www.lifeusa.org/news","https://static.wixstatic.com/media/74d008_469a27e703234b6fb0d80a4c13df3ce7~mv2.jpg/v1/fill/w_302,h_227,fp_0.50_0.50,q_90,enc_avif,quality_auto/74d008_469a27e703234b6fb0d80a4c13df3ce7~mv2.webp","Clean Water Restored Through Life for Relief and Development (LIFE)’s Water Well Projects in Sierra Leone ","106"
"Image","https://www.lifeusa.org/news","https://static.wixstatic.com/media/74d008_7326d883078243868c3c0631bbb3f61c~mv2.png/v1/fill/w_302,h_227,fp_0.50_0.50,q_95,enc_avif,quality_auto/74d008_7326d883078243868c3c0631bbb3f61c~mv2.webp","Respite and Joy Provided to Hundreds of Gaza Orphans Through Life for Relief and Development (LIFE)’s Eid Party Celebration ","124"
"Image","https://www.lifeusa.org/news","https://static.wixstatic.com/media/74d008_57afafc9fbf64e7585702e25f631dd3e~mv2.jpg/v1/fill/w_302,h_227,fp_0.50_0.50,q_90,enc_avif,quality_auto/74d008_57afafc9fbf64e7585702e25f631dd3e~mv2.webp","Hope Returns to the Classroom Through Life for Relief and Development (LIFE)’s Orphan Sponsorship in Kenya ","107"
"Image","https://www.lifeusa.org/post/health-for-all-how-life-is-closing-the-global-healthcare-gap","https://static.wixstatic.com/media/74d008_315105f54bb44393bf0c484fcb7cc81a~mv2.png/v1/fill/w_750,h_430,al_c,q_85,enc_avif,quality_auto/74d008_315105f54bb44393bf0c484fcb7cc81a~mv2.png","Photo of a doctor working with Life for Relief and Development USA (LIFE)'s donated equipment and medicine while treating cancer patients. ","139"
"Image","https://www.lifeusa.org/post/eid-al-adha-a-celebration-of-unity","https://static.wixstatic.com/media/74d008_39a6fc8bc8b94d9b99452850a9f11aea~mv2.jpg/v1/fill/w_980,h_653,al_c,q_85,usm_0.66_1.00_0.01,enc_avif,quality_auto/74d008_39a6fc8bc8b94d9b99452850a9f11aea~mv2.jpg","Photo of a boy holding a portion of fresh meat from one of Life for Relief and Development's (LIFE) USA Udhiyah/Qurbani distributions.","134"
"Image","https://www.lifeusa.org/post/eid-al-adha-a-celebration-of-unity","https://static.wixstatic.com/media/74d008_3f2d452894954e77a4e272a34ea81339~mv2.jpg/v1/fill/w_980,h_551,al_c,q_85,usm_0.66_1.00_0.01,enc_avif,quality_auto/74d008_3f2d452894954e77a4e272a34ea81339~mv2.jpg","Photo of a young mother and her baby receiving fresh meat from Life for Relief and Development (LIFE) USA in Indonesia.","119"
"Image","https://www.lifeusa.org/post/eid-al-adha-a-celebration-of-unity","https://static.wixstatic.com/media/74d008_f74484999f204c81aabca46da0667152~mv2.jpg/v1/fill/w_980,h_458,al_c,q_85,usm_0.66_1.00_0.01,enc_avif,quality_auto/74d008_f74484999f204c81aabca46da0667152~mv2.jpg","Photo of a young boy and his father receiving fresh meat from Life for Relief and Development (LIFE) USA in Sierra Leone.","121"
"Image","https://www.lifeusa.org/post/the-hidden-price-tag-of-fast-fashion-and-how-life-is-offering-sustainable-solutions-you-can-support","https://static.wixstatic.com/media/74d008_baa1786f51544beda6268ac226c04b31~mv2.jpg/v1/fill/w_980,h_653,al_c,q_85,usm_0.66_1.00_0.01,enc_avif,quality_auto/74d008_baa1786f51544beda6268ac226c04b31~mv2.jpg","Photo of Life for Relief and Development USA (LIFE) team member outfitting a young woman in a gently loved fur coat. ","117"
"Image","https://www.lifeusa.org/post/the-hidden-price-tag-of-fast-fashion-and-how-life-is-offering-sustainable-solutions-you-can-support","https://static.wixstatic.com/media/74d008_de6d4253734842e1b8a2348b10b1183c~mv2.jpg/v1/fill/w_980,h_653,al_c,q_85,usm_0.66_1.00_0.01,enc_avif,quality_auto/74d008_de6d4253734842e1b8a2348b10b1183c~mv2.jpg","Photo of Life for Relief and Development USA (LIFE) team members outfitting a young woman in a gently loved fur coat. ","118"
"Image","https://www.lifeusa.org/post/ramadan-a-place-for-everyone","https://static.wixstatic.com/media/74d008_4824c8a46624438e80cd0f4f89c34128~mv2.png/v1/fill/w_775,h_801,al_c,q_90,enc_avif,quality_auto/74d008_4824c8a46624438e80cd0f4f89c34128~mv2.png","Photo of a young man holding up oil smiling standing behind a food basket he received from Life for Relief and Development (LIFE) USA. ","135"
"Image","https://www.lifeusa.org/post/ramadan-a-place-for-everyone","https://static.wixstatic.com/media/74d008_78c7c56750074c418c078c3a0d4e5598~mv2.jpg/v1/fill/w_980,h_735,al_c,q_85,usm_0.66_1.00_0.01,enc_avif,quality_auto/74d008_78c7c56750074c418c078c3a0d4e5598~mv2.jpg","Photo of a Life for Relief and Development (LIFE) USA team member giving a young girl a Ramadan food basket in Egypt. ","118"
"Image","https://www.lifeusa.org/post/ramadan-a-place-for-everyone","https://static.wixstatic.com/media/74d008_1dc7020a7a8944bfb06f95e1893cc512~mv2.jpg/v1/fill/w_980,h_735,al_c,q_85,usm_0.66_1.00_0.01,enc_avif,quality_auto/74d008_1dc7020a7a8944bfb06f95e1893cc512~mv2.jpg","Photo of a Life for Relief and Development USA (LIFE) team member hanging decorative star at a LIFE iftar in Gaza. ","115"
"Image","https://www.lifeusa.org/post/ramadan-a-place-for-everyone","https://static.wixstatic.com/media/74d008_764050376af940d180cc1b2db22c83b3~mv2.jpg/v1/fill/w_980,h_551,al_c,q_85,usm_0.66_1.00_0.01,enc_avif,quality_auto/74d008_764050376af940d180cc1b2db22c83b3~mv2.jpg","Photo of a Life for Relief and Development (LIFE) USA team member distributing hot iftar meals in Gaza. ","104"
"Image","https://www.lifeusa.org/post/ramadan-a-place-for-everyone","https://static.wixstatic.com/media/74d008_387c55ca1a514eae995a30f8536cde7e~mv2.png/v1/fill/w_777,h_437,al_c,q_85,enc_avif,quality_auto/74d008_387c55ca1a514eae995a30f8536cde7e~mv2.png","Photo of a family receiving a Life for Relief and Development (LIFE) USA food basket during Ramadan 2025 in Sierra Leone. ","122"
"Image","https://www.lifeusa.org/post/sick-kids-with-no-medicine-in-sight-how-life-is-restoring-healthcare-access-in-africa","https://static.wixstatic.com/media/74d008_109c068f5ccd4c998d8374603b7dd2c7~mv2.jpg/v1/fill/w_980,h_653,al_c,q_85,usm_0.66_1.00_0.01,enc_avif,quality_auto/74d008_109c068f5ccd4c998d8374603b7dd2c7~mv2.jpg","Photo of Life for Relief and Development (LIFE) team members delivering new medical chair, behind them are many boxes of medication. ","133"
"Image","https://www.lifeusa.org/post/sick-kids-with-no-medicine-in-sight-how-life-is-restoring-healthcare-access-in-africa","https://static.wixstatic.com/media/74d008_3b3be868f20a4922aa24d04e02c2cca0~mv2.jpg/v1/fill/w_980,h_653,al_c,q_85,usm_0.66_1.00_0.01,enc_avif,quality_auto/74d008_3b3be868f20a4922aa24d04e02c2cca0~mv2.jpg","Photo of Life for Relief and Developing (LIFE) team with local medical professionals standing in front of a mass shipment of medication. ","137"
"Image","https://www.lifeusa.org/post/sick-kids-with-no-medicine-in-sight-how-life-is-restoring-healthcare-access-in-africa","https://static.wixstatic.com/media/74d008_37739cf8a82f4c13a193773df42fee3e~mv2.jpg/v1/fill/w_980,h_653,al_c,q_85,usm_0.66_1.00_0.01,enc_avif,quality_auto/74d008_37739cf8a82f4c13a193773df42fee3e~mv2.jpg","Photo of a recent Life for Relief and Development (LIFE) shipment of medicine with local medical professionals. ","112"
"Image","https://www.lifeusa.org/post/millions-hungry-and-displaced-why-the-sudan-crisis-requires-immediate-action","https://static.wixstatic.com/media/74d008_dc30c951b1ef4c5ca347de8ab6a6490d~mv2.jpg/v1/fill/w_980,h_653,al_c,q_85,usm_0.66_1.00_0.01,enc_avif,quality_auto/74d008_dc30c951b1ef4c5ca347de8ab6a6490d~mv2.jpg","Photo of a mother and her son receiving a Life for Relief and Development (LIFE) food basket in Sudan.","102"
"Image","https://www.lifeusa.org/post/millions-hungry-and-displaced-why-the-sudan-crisis-requires-immediate-action","https://static.wixstatic.com/media/74d008_99bb2e4837fc4c7f94ed03220a01274b~mv2.jpg/v1/fill/w_980,h_653,al_c,q_85,usm_0.66_1.00_0.01,enc_avif,quality_auto/74d008_99bb2e4837fc4c7f94ed03220a01274b~mv2.jpg","Photo of a mother and her daughter and son receiving a Life for Relief and Development (LIFE) food basket in Sudan.","115"
"Image","https://www.lifeusa.org/post/life-s-orphan-sponsorships-keep-children-warm-and-in-school-during-the-winter-months-in-pakistan","https://static.wixstatic.com/media/74d008_7326d883078243868c3c0631bbb3f61c~mv2.png/v1/fill/w_766,h_423,al_c,q_85,enc_avif,quality_auto/74d008_7326d883078243868c3c0631bbb3f61c~mv2.png","Respite and Joy Provided to Hundreds of Gaza Orphans Through Life for Relief and Development (LIFE)’s Eid Party Celebration ","124"
"Image","https://www.lifeusa.org/post/life-supports-mothers-and-orphans-in-gaza-with-critical-baby-formula-and-other-essentials","https://static.wixstatic.com/media/74d008_7326d883078243868c3c0631bbb3f61c~mv2.png/v1/fill/w_766,h_423,al_c,q_85,enc_avif,quality_auto/74d008_7326d883078243868c3c0631bbb3f61c~mv2.png","Respite and Joy Provided to Hundreds of Gaza Orphans Through Life for Relief and Development (LIFE)’s Eid Party Celebration ","124"
"Image","https://www.lifeusa.org/post/hope-returns-to-the-classroom-through-life-for-relief-and-development-life-s-orphan-sponsorship-in","https://static.wixstatic.com/media/74d008_7326d883078243868c3c0631bbb3f61c~mv2.png/v1/fill/w_766,h_423,al_c,q_85,enc_avif,quality_auto/74d008_7326d883078243868c3c0631bbb3f61c~mv2.png","Respite and Joy Provided to Hundreds of Gaza Orphans Through Life for Relief and Development (LIFE)’s Eid Party Celebration ","124"
"Image","https://www.lifeusa.org/post/with-life-water-wells-comes-a-renewed-stability-and-health-for-1-800-people-in-niger","https://static.wixstatic.com/media/74d008_7326d883078243868c3c0631bbb3f61c~mv2.png/v1/fill/w_766,h_423,al_c,q_85,enc_avif,quality_auto/74d008_7326d883078243868c3c0631bbb3f61c~mv2.png","Respite and Joy Provided to Hundreds of Gaza Orphans Through Life for Relief and Development (LIFE)’s Eid Party Celebration ","124"
"Image","https://www.lifeusa.org/post/in-a-tanzanian-village-water-finally-flows-close-to-home","https://static.wixstatic.com/media/74d008_7326d883078243868c3c0631bbb3f61c~mv2.png/v1/fill/w_766,h_423,al_c,q_85,enc_avif,quality_auto/74d008_7326d883078243868c3c0631bbb3f61c~mv2.png","Respite and Joy Provided to Hundreds of Gaza Orphans Through Life for Relief and Development (LIFE)’s Eid Party Celebration ","124"
"Image","https://www.lifeusa.org/post/life-continues-saving-lives-in-gaza-as-emergency-food-and-water-relief-reaches-thousands","https://static.wixstatic.com/media/74d008_7326d883078243868c3c0631bbb3f61c~mv2.png/v1/fill/w_766,h_423,al_c,q_85,enc_avif,quality_auto/74d008_7326d883078243868c3c0631bbb3f61c~mv2.png","Respite and Joy Provided to Hundreds of Gaza Orphans Through Life for Relief and Development (LIFE)’s Eid Party Celebration ","124"
"Image","https://www.lifeusa.org/post/life-supporting-orphans-families-gaza","https://static.wixstatic.com/media/74d008_7326d883078243868c3c0631bbb3f61c~mv2.png/v1/fill/w_766,h_423,al_c,q_85,enc_avif,quality_auto/74d008_7326d883078243868c3c0631bbb3f61c~mv2.png","","0"
"Image","https://www.lifeusa.org/post/fighting-hunger-in-somalia-life-for-relief-and-development-life-s-food-distribution-reaches-displ","https://static.wixstatic.com/media/74d008_7326d883078243868c3c0631bbb3f61c~mv2.png/v1/fill/w_766,h_423,al_c,q_85,enc_avif,quality_auto/74d008_7326d883078243868c3c0631bbb3f61c~mv2.png","Respite and Joy Provided to Hundreds of Gaza Orphans Through Life for Relief and Development (LIFE)’s Eid Party Celebration ","124"
"Image","https://www.lifeusa.org/post/life-for-relief-and-development-life-usa-restores-shelter-and-safety-for-8-050-displaced-individua","https://static.wixstatic.com/media/74d008_7326d883078243868c3c0631bbb3f61c~mv2.png/v1/fill/w_766,h_423,al_c,q_85,enc_avif,quality_auto/74d008_7326d883078243868c3c0631bbb3f61c~mv2.png","Respite and Joy Provided to Hundreds of Gaza Orphans Through Life for Relief and Development (LIFE)’s Eid Party Celebration ","124"
"Image","https://www.lifeusa.org/post/new-solar-powered-water-wells-bring-clean-water-to-3-300-people-in-pakistan","https://static.wixstatic.com/media/74d008_7326d883078243868c3c0631bbb3f61c~mv2.png/v1/fill/w_766,h_423,al_c,q_85,enc_avif,quality_auto/74d008_7326d883078243868c3c0631bbb3f61c~mv2.png","Respite and Joy Provided to Hundreds of Gaza Orphans Through Life for Relief and Development (LIFE)’s Eid Party Celebration ","124"
"Image","https://www.lifeusa.org/post/life-provides-medical-student-scholarships-in-the-west-bank","https://static.wixstatic.com/media/74d008_7326d883078243868c3c0631bbb3f61c~mv2.png/v1/fill/w_766,h_423,al_c,q_85,enc_avif,quality_auto/74d008_7326d883078243868c3c0631bbb3f61c~mv2.png","Respite and Joy Provided to Hundreds of Gaza Orphans Through Life for Relief and Development (LIFE)’s Eid Party Celebration ","124"
"Image","https://www.lifeusa.org/post/life-for-relief-and-development-protects-5-000-children-from-harsh-winter-conditions-in-gaza","https://static.wixstatic.com/media/74d008_7326d883078243868c3c0631bbb3f61c~mv2.png/v1/fill/w_766,h_423,al_c,q_85,enc_avif,quality_auto/74d008_7326d883078243868c3c0631bbb3f61c~mv2.png","Respite and Joy Provided to Hundreds of Gaza Orphans Through Life for Relief and Development (LIFE)’s Eid Party Celebration ","124"
"Image","https://www.lifeusa.org/post/life-for-relief-and-development-sustains-higher-education-in-syria","https://static.wixstatic.com/media/74d008_7326d883078243868c3c0631bbb3f61c~mv2.png/v1/fill/w_766,h_423,al_c,q_85,enc_avif,quality_auto/74d008_7326d883078243868c3c0631bbb3f61c~mv2.png","Respite and Joy Provided to Hundreds of Gaza Orphans Through Life for Relief and Development (LIFE)’s Eid Party Celebration ","124"
"Image","https://www.lifeusa.org/post/over-1-000-orphans-across-jordan-uplifted-through-life-sponsorship-program","https://static.wixstatic.com/media/74d008_7326d883078243868c3c0631bbb3f61c~mv2.png/v1/fill/w_766,h_423,al_c,q_85,enc_avif,quality_auto/74d008_7326d883078243868c3c0631bbb3f61c~mv2.png","Respite and Joy Provided to Hundreds of Gaza Orphans Through Life for Relief and Development (LIFE)’s Eid Party Celebration ","124"
"Image","https://www.lifeusa.org/post/life-for-relief-and-development-life-delivers-emergency-food-and-water-assistance-in-gaza-through","https://static.wixstatic.com/media/74d008_7326d883078243868c3c0631bbb3f61c~mv2.png/v1/fill/w_766,h_423,al_c,q_85,enc_avif,quality_auto/74d008_7326d883078243868c3c0631bbb3f61c~mv2.png","Respite and Joy Provided to Hundreds of Gaza Orphans Through Life for Relief and Development (LIFE)’s Eid Party Celebration ","124"
"Image","https://www.lifeusa.org/post/water-stops-being-a-daily-worry-for-two-communities-in-nepal","https://static.wixstatic.com/media/74d008_7326d883078243868c3c0631bbb3f61c~mv2.png/v1/fill/w_766,h_423,al_c,q_85,enc_avif,quality_auto/74d008_7326d883078243868c3c0631bbb3f61c~mv2.png","Respite and Joy Provided to Hundreds of Gaza Orphans Through Life for Relief and Development (LIFE)’s Eid Party Celebration ","124"
"Image","https://www.lifeusa.org/post/clean-water-restored-through-life-for-relief-and-development-life-s-water-well-projects-in-sierra","https://static.wixstatic.com/media/74d008_7326d883078243868c3c0631bbb3f61c~mv2.png/v1/fill/w_766,h_423,al_c,q_85,enc_avif,quality_auto/74d008_7326d883078243868c3c0631bbb3f61c~mv2.png","Respite and Joy Provided to Hundreds of Gaza Orphans Through Life for Relief and Development (LIFE)’s Eid Party Celebration ","124"
"Image","https://www.lifeusa.org/post/clean-water-new-possibilities-through-life-for-relief-and-development-life-s-water-well-projects","https://static.wixstatic.com/media/74d008_7326d883078243868c3c0631bbb3f61c~mv2.png/v1/fill/w_766,h_423,al_c,q_85,enc_avif,quality_auto/74d008_7326d883078243868c3c0631bbb3f61c~mv2.png","Respite and Joy Provided to Hundreds of Gaza Orphans Through Life for Relief and Development (LIFE)’s Eid Party Celebration ","124"
"Image","https://www.lifeusa.org/post/life-for-relief-and-development-life-s-orphan-sponsorship-supports-152-children-in-indonesia","https://static.wixstatic.com/media/74d008_7326d883078243868c3c0631bbb3f61c~mv2.png/v1/fill/w_766,h_423,al_c,q_85,enc_avif,quality_auto/74d008_7326d883078243868c3c0631bbb3f61c~mv2.png","Respite and Joy Provided to Hundreds of Gaza Orphans Through Life for Relief and Development (LIFE)’s Eid Party Celebration ","124"
"Image","https://www.lifeusa.org/post/clean-water-for-students-as-life-for-relief-and-development-life-installs-solar-water-wells-in-pak","https://static.wixstatic.com/media/74d008_7326d883078243868c3c0631bbb3f61c~mv2.png/v1/fill/w_766,h_423,al_c,q_85,enc_avif,quality_auto/74d008_7326d883078243868c3c0631bbb3f61c~mv2.png","Respite and Joy Provided to Hundreds of Gaza Orphans Through Life for Relief and Development (LIFE)’s Eid Party Celebration ","124"
"Image","https://www.lifeusa.org/post/life-builds-five-clean-water-projects-across-two-regions-in-myanmar","https://static.wixstatic.com/media/74d008_7326d883078243868c3c0631bbb3f61c~mv2.png/v1/fill/w_766,h_423,al_c,q_85,enc_avif,quality_auto/74d008_7326d883078243868c3c0631bbb3f61c~mv2.png","Respite and Joy Provided to Hundreds of Gaza Orphans Through Life for Relief and Development (LIFE)’s Eid Party Celebration ","124"
"Image","https://www.lifeusa.org/post/life-distributes-fresh-meat-in-texas","https://static.wixstatic.com/media/74d008_7326d883078243868c3c0631bbb3f61c~mv2.png/v1/fill/w_766,h_423,al_c,q_85,enc_avif,quality_auto/74d008_7326d883078243868c3c0631bbb3f61c~mv2.png","Respite and Joy Provided to Hundreds of Gaza Orphans Through Life for Relief and Development (LIFE)’s Eid Party Celebration ","124"
"Image","https://www.lifeusa.org/post/hearing-the-call-southwest-florida","https://static.wixstatic.com/media/74d008_7326d883078243868c3c0631bbb3f61c~mv2.png/v1/fill/w_766,h_423,al_c,q_85,enc_avif,quality_auto/74d008_7326d883078243868c3c0631bbb3f61c~mv2.png","Respite and Joy Provided to Hundreds of Gaza Orphans Through Life for Relief and Development (LIFE)’s Eid Party Celebration ","124"
"Image","https://www.lifeusa.org/post/life-provides-backpacks-to-foster-youth-in-the-united-states","https://static.wixstatic.com/media/74d008_7326d883078243868c3c0631bbb3f61c~mv2.png/v1/fill/w_766,h_423,al_c,q_85,enc_avif,quality_auto/74d008_7326d883078243868c3c0631bbb3f61c~mv2.png","Respite and Joy Provided to Hundreds of Gaza Orphans Through Life for Relief and Development (LIFE)’s Eid Party Celebration ","124"
"Image","https://www.lifeusa.org/post/food-packages-maryland","https://static.wixstatic.com/media/74d008_7326d883078243868c3c0631bbb3f61c~mv2.png/v1/fill/w_766,h_423,al_c,q_85,enc_avif,quality_auto/74d008_7326d883078243868c3c0631bbb3f61c~mv2.png","Respite and Joy Provided to Hundreds of Gaza Orphans Through Life for Relief and Development (LIFE)’s Eid Party Celebration ","124"
"Image","https://www.lifeusa.org/post/hearing-aids-colorado","https://static.wixstatic.com/media/74d008_7326d883078243868c3c0631bbb3f61c~mv2.png/v1/fill/w_766,h_423,al_c,q_85,enc_avif,quality_auto/74d008_7326d883078243868c3c0631bbb3f61c~mv2.png","Respite and Joy Provided to Hundreds of Gaza Orphans Through Life for Relief and Development (LIFE)’s Eid Party Celebration ","124"
"Image","https://www.lifeusa.org/post/life-distributes-water-tanks-to-families-in-the-gaza-strip","https://static.wixstatic.com/media/74d008_7326d883078243868c3c0631bbb3f61c~mv2.png/v1/fill/w_766,h_423,al_c,q_85,enc_avif,quality_auto/74d008_7326d883078243868c3c0631bbb3f61c~mv2.png","Respite and Joy Provided to Hundreds of Gaza Orphans Through Life for Relief and Development (LIFE)’s Eid Party Celebration ","124"
"Image","https://www.lifeusa.org/post/life-continues-to-provide-emergency-aid-in-gaza","https://static.wixstatic.com/media/74d008_7326d883078243868c3c0631bbb3f61c~mv2.png/v1/fill/w_766,h_423,al_c,q_85,enc_avif,quality_auto/74d008_7326d883078243868c3c0631bbb3f61c~mv2.png","Respite and Joy Provided to Hundreds of Gaza Orphans Through Life for Relief and Development (LIFE)’s Eid Party Celebration ","124"
"Image","https://www.lifeusa.org/post/life-provides-emergency-relief-to-gaza","https://static.wixstatic.com/media/74d008_7326d883078243868c3c0631bbb3f61c~mv2.png/v1/fill/w_766,h_423,al_c,q_85,enc_avif,quality_auto/74d008_7326d883078243868c3c0631bbb3f61c~mv2.png","Respite and Joy Provided to Hundreds of Gaza Orphans Through Life for Relief and Development (LIFE)’s Eid Party Celebration ","124"
"Image","https://www.lifeusa.org/post/life-provides-emergency-relief-to-gaza-1","https://static.wixstatic.com/media/74d008_7326d883078243868c3c0631bbb3f61c~mv2.png/v1/fill/w_766,h_423,al_c,q_85,enc_avif,quality_auto/74d008_7326d883078243868c3c0631bbb3f61c~mv2.png","Respite and Joy Provided to Hundreds of Gaza Orphans Through Life for Relief and Development (LIFE)’s Eid Party Celebration ","124"
"Image","https://www.lifeusa.org/post/life-distributes-udhiyah-meat-in-jordan","https://static.wixstatic.com/media/74d008_7326d883078243868c3c0631bbb3f61c~mv2.png/v1/fill/w_766,h_423,al_c,q_85,enc_avif,quality_auto/74d008_7326d883078243868c3c0631bbb3f61c~mv2.png","Respite and Joy Provided to Hundreds of Gaza Orphans Through Life for Relief and Development (LIFE)’s Eid Party Celebration ","124"
"Image","https://www.lifeusa.org/post/life-s-orphan-sponsorship-program-in-lebanon-and-jordan","https://static.wixstatic.com/media/74d008_7326d883078243868c3c0631bbb3f61c~mv2.png/v1/fill/w_766,h_423,al_c,q_85,enc_avif,quality_auto/74d008_7326d883078243868c3c0631bbb3f61c~mv2.png","Respite and Joy Provided to Hundreds of Gaza Orphans Through Life for Relief and Development (LIFE)’s Eid Party Celebration ","124"
"Image","https://www.lifeusa.org/post/hearing-the-call-louisiana","https://static.wixstatic.com/media/74d008_7326d883078243868c3c0631bbb3f61c~mv2.png/v1/fill/w_766,h_423,al_c,q_85,enc_avif,quality_auto/74d008_7326d883078243868c3c0631bbb3f61c~mv2.png","Respite and Joy Provided to Hundreds of Gaza Orphans Through Life for Relief and Development (LIFE)’s Eid Party Celebration ","124"
"Image","https://www.lifeusa.org/post/back-to-school-in-kenya","https://static.wixstatic.com/media/74d008_7326d883078243868c3c0631bbb3f61c~mv2.png/v1/fill/w_766,h_423,al_c,q_85,enc_avif,quality_auto/74d008_7326d883078243868c3c0631bbb3f61c~mv2.png","Respite and Joy Provided to Hundreds of Gaza Orphans Through Life for Relief and Development (LIFE)’s Eid Party Celebration ","124"
"Image","https://www.lifeusa.org/post/back-to-school-project-haiti","https://static.wixstatic.com/media/74d008_7326d883078243868c3c0631bbb3f61c~mv2.png/v1/fill/w_766,h_423,al_c,q_85,enc_avif,quality_auto/74d008_7326d883078243868c3c0631bbb3f61c~mv2.png","Respite and Joy Provided to Hundreds of Gaza Orphans Through Life for Relief and Development (LIFE)’s Eid Party Celebration ","124"
"Image","https://www.lifeusa.org/post/back-to-school-iraq","https://static.wixstatic.com/media/74d008_7326d883078243868c3c0631bbb3f61c~mv2.png/v1/fill/w_766,h_423,al_c,q_85,enc_avif,quality_auto/74d008_7326d883078243868c3c0631bbb3f61c~mv2.png","Respite and Joy Provided to Hundreds of Gaza Orphans Through Life for Relief and Development (LIFE)’s Eid Party Celebration ","124"
"Image","https://www.lifeusa.org/post/food-baskets-in-bangladesh","https://static.wixstatic.com/media/74d008_7326d883078243868c3c0631bbb3f61c~mv2.png/v1/fill/w_766,h_423,al_c,q_85,enc_avif,quality_auto/74d008_7326d883078243868c3c0631bbb3f61c~mv2.png","Respite and Joy Provided to Hundreds of Gaza Orphans Through Life for Relief and Development (LIFE)’s Eid Party Celebration ","124"
"Image","https://www.lifeusa.org/post/life-distributes-ramadan-food-baskets-in-lebanon","https://static.wixstatic.com/media/74d008_7326d883078243868c3c0631bbb3f61c~mv2.png/v1/fill/w_766,h_423,al_c,q_85,enc_avif,quality_auto/74d008_7326d883078243868c3c0631bbb3f61c~mv2.png","Respite and Joy Provided to Hundreds of Gaza Orphans Through Life for Relief and Development (LIFE)’s Eid Party Celebration ","124"
"Image","https://www.lifeusa.org/post/life-distributes-ramadan-food-baskets-in-the-horn-of-africa","https://static.wixstatic.com/media/74d008_7326d883078243868c3c0631bbb3f61c~mv2.png/v1/fill/w_766,h_423,al_c,q_85,enc_avif,quality_auto/74d008_7326d883078243868c3c0631bbb3f61c~mv2.png","Respite and Joy Provided to Hundreds of Gaza Orphans Through Life for Relief and Development (LIFE)’s Eid Party Celebration ","124"
"Image","https://www.lifeusa.org/post/life-distributes-food-baskets-during-ramadan-in-bosnia","https://static.wixstatic.com/media/74d008_7326d883078243868c3c0631bbb3f61c~mv2.png/v1/fill/w_766,h_423,al_c,q_85,enc_avif,quality_auto/74d008_7326d883078243868c3c0631bbb3f61c~mv2.png","Respite and Joy Provided to Hundreds of Gaza Orphans Through Life for Relief and Development (LIFE)’s Eid Party Celebration ","124"
"Image","https://www.lifeusa.org/post/life-distributes-ramadan-food-baskets-in-haiti","https://static.wixstatic.com/media/74d008_7326d883078243868c3c0631bbb3f61c~mv2.png/v1/fill/w_766,h_423,al_c,q_85,enc_avif,quality_auto/74d008_7326d883078243868c3c0631bbb3f61c~mv2.png","Respite and Joy Provided to Hundreds of Gaza Orphans Through Life for Relief and Development (LIFE)’s Eid Party Celebration ","124"
"Image","https://www.lifeusa.org/post/life-provides-food-baskets-to-orphans-in-iraq","https://static.wixstatic.com/media/74d008_7326d883078243868c3c0631bbb3f61c~mv2.png/v1/fill/w_766,h_423,al_c,q_85,enc_avif,quality_auto/74d008_7326d883078243868c3c0631bbb3f61c~mv2.png","Respite and Joy Provided to Hundreds of Gaza Orphans Through Life for Relief and Development (LIFE)’s Eid Party Celebration ","124"
"Image","https://www.lifeusa.org/post/sports-field-rehabilitation-in-iraq","https://static.wixstatic.com/media/74d008_7326d883078243868c3c0631bbb3f61c~mv2.png/v1/fill/w_766,h_423,al_c,q_85,enc_avif,quality_auto/74d008_7326d883078243868c3c0631bbb3f61c~mv2.png","Respite and Joy Provided to Hundreds of Gaza Orphans Through Life for Relief and Development (LIFE)’s Eid Party Celebration ","124"
"Image","https://www.lifeusa.org/post/furniture-for-new-horizon-s-ministries","https://static.wixstatic.com/media/74d008_7326d883078243868c3c0631bbb3f61c~mv2.png/v1/fill/w_766,h_423,al_c,q_85,enc_avif,quality_auto/74d008_7326d883078243868c3c0631bbb3f61c~mv2.png","Respite and Joy Provided to Hundreds of Gaza Orphans Through Life for Relief and Development (LIFE)’s Eid Party Celebration ","124"
"Image","https://www.lifeusa.org/post/life-distributes-udhiyah-meat-in-afghanistan","https://static.wixstatic.com/media/74d008_7326d883078243868c3c0631bbb3f61c~mv2.png/v1/fill/w_766,h_423,al_c,q_85,enc_avif,quality_auto/74d008_7326d883078243868c3c0631bbb3f61c~mv2.png","Respite and Joy Provided to Hundreds of Gaza Orphans Through Life for Relief and Development (LIFE)’s Eid Party Celebration ","124"
"Image","https://www.lifeusa.org/post/winter-blankets-bangladesh","https://static.wixstatic.com/media/74d008_7326d883078243868c3c0631bbb3f61c~mv2.png/v1/fill/w_766,h_423,al_c,q_85,enc_avif,quality_auto/74d008_7326d883078243868c3c0631bbb3f61c~mv2.png","Respite and Joy Provided to Hundreds of Gaza Orphans Through Life for Relief and Development (LIFE)’s Eid Party Celebration ","124"
"Image","https://www.lifeusa.org/post/life-distributes-ramadan-meals-in-mali","https://static.wixstatic.com/media/74d008_7326d883078243868c3c0631bbb3f61c~mv2.png/v1/fill/w_766,h_423,al_c,q_85,enc_avif,quality_auto/74d008_7326d883078243868c3c0631bbb3f61c~mv2.png","Respite and Joy Provided to Hundreds of Gaza Orphans Through Life for Relief and Development (LIFE)’s Eid Party Celebration ","124"
"Image","https://www.lifeusa.org/post/pakistan-fresh-meat-distribution-and-orphan-eid-party","https://static.wixstatic.com/media/74d008_7326d883078243868c3c0631bbb3f61c~mv2.png/v1/fill/w_766,h_423,al_c,q_85,enc_avif,quality_auto/74d008_7326d883078243868c3c0631bbb3f61c~mv2.png","Respite and Joy Provided to Hundreds of Gaza Orphans Through Life for Relief and Development (LIFE)’s Eid Party Celebration ","124"
"Image","https://www.lifeusa.org/post/life-distributes-udhiyah-meat-in-egypt","https://static.wixstatic.com/media/74d008_7326d883078243868c3c0631bbb3f61c~mv2.png/v1/fill/w_766,h_423,al_c,q_85,enc_avif,quality_auto/74d008_7326d883078243868c3c0631bbb3f61c~mv2.png","Respite and Joy Provided to Hundreds of Gaza Orphans Through Life for Relief and Development (LIFE)’s Eid Party Celebration ","124"
"Image","https://www.lifeusa.org/post/life-distributes-fresh-meat-in-bosnia-and-herzegovina","https://static.wixstatic.com/media/74d008_7326d883078243868c3c0631bbb3f61c~mv2.png/v1/fill/w_766,h_423,al_c,q_85,enc_avif,quality_auto/74d008_7326d883078243868c3c0631bbb3f61c~mv2.png","Respite and Joy Provided to Hundreds of Gaza Orphans Through Life for Relief and Development (LIFE)’s Eid Party Celebration ","124"
"Image","https://www.lifeusa.org/post/life-distributes-fresh-meat-in-syria","https://static.wixstatic.com/media/74d008_7326d883078243868c3c0631bbb3f61c~mv2.png/v1/fill/w_766,h_423,al_c,q_85,enc_avif,quality_auto/74d008_7326d883078243868c3c0631bbb3f61c~mv2.png","Respite and Joy Provided to Hundreds of Gaza Orphans Through Life for Relief and Development (LIFE)’s Eid Party Celebration ","124"
"Image","https://www.lifeusa.org/post/life-distributes-ramadan-food-baskets-yemen","https://static.wixstatic.com/media/74d008_7326d883078243868c3c0631bbb3f61c~mv2.png/v1/fill/w_766,h_423,al_c,q_85,enc_avif,quality_auto/74d008_7326d883078243868c3c0631bbb3f61c~mv2.png","Respite and Joy Provided to Hundreds of Gaza Orphans Through Life for Relief and Development (LIFE)’s Eid Party Celebration ","124"
"Image","https://www.lifeusa.org/post/life-distributes-udhiyah-meat-in-somalia","https://static.wixstatic.com/media/74d008_7326d883078243868c3c0631bbb3f61c~mv2.png/v1/fill/w_766,h_423,al_c,q_85,enc_avif,quality_auto/74d008_7326d883078243868c3c0631bbb3f61c~mv2.png","Respite and Joy Provided to Hundreds of Gaza Orphans Through Life for Relief and Development (LIFE)’s Eid Party Celebration ","124"
"Image","https://www.lifeusa.org/post/life-distributes-fresh-meat-in-sudan","https://static.wixstatic.com/media/74d008_7326d883078243868c3c0631bbb3f61c~mv2.png/v1/fill/w_766,h_423,al_c,q_85,enc_avif,quality_auto/74d008_7326d883078243868c3c0631bbb3f61c~mv2.png","Respite and Joy Provided to Hundreds of Gaza Orphans Through Life for Relief and Development (LIFE)’s Eid Party Celebration ","124"
"Image","https://www.lifeusa.org/post/life-distributes-fresh-meat-in-djibouti","https://static.wixstatic.com/media/74d008_7326d883078243868c3c0631bbb3f61c~mv2.png/v1/fill/w_766,h_423,al_c,q_85,enc_avif,quality_auto/74d008_7326d883078243868c3c0631bbb3f61c~mv2.png","Respite and Joy Provided to Hundreds of Gaza Orphans Through Life for Relief and Development (LIFE)’s Eid Party Celebration ","124"
"Image","https://www.lifeusa.org/post/life-distributes-fresh-meat-in-ethiopia","https://static.wixstatic.com/media/74d008_7326d883078243868c3c0631bbb3f61c~mv2.png/v1/fill/w_766,h_423,al_c,q_85,enc_avif,quality_auto/74d008_7326d883078243868c3c0631bbb3f61c~mv2.png","Respite and Joy Provided to Hundreds of Gaza Orphans Through Life for Relief and Development (LIFE)’s Eid Party Celebration ","124"
"Image","https://www.lifeusa.org/no/tags/orphan-sponsorship","https://static.wixstatic.com/media/74d008_63da57cf95574ca6bacf9b7da574dfd9~mv2.jpg/v1/fill/w_333,h_250,fp_0.50_0.50,q_30,blur_30,enc_avif,quality_auto/74d008_63da57cf95574ca6bacf9b7da574dfd9~mv2.webp","Life for Relief and Development (LIFE) Ambulance and Distributed Aid Save Countless Lives After Airstrikes in Lebanon ","118"
"Image","https://www.lifeusa.org/no/tags/emergency-relief","https://static.wixstatic.com/media/74d008_63da57cf95574ca6bacf9b7da574dfd9~mv2.jpg/v1/fill/w_333,h_250,fp_0.50_0.50,q_30,blur_30,enc_avif,quality_auto/74d008_63da57cf95574ca6bacf9b7da574dfd9~mv2.webp","Life for Relief and Development (LIFE) Ambulance and Distributed Aid Save Countless Lives After Airstrikes in Lebanon ","118"
"Image","https://www.lifeusa.org/no/tags/life-for-relief-and-development-usa","https://static.wixstatic.com/media/74d008_63da57cf95574ca6bacf9b7da574dfd9~mv2.jpg/v1/fill/w_333,h_250,fp_0.50_0.50,q_30,blur_30,enc_avif,quality_auto/74d008_63da57cf95574ca6bacf9b7da574dfd9~mv2.webp","Life for Relief and Development (LIFE) Ambulance and Distributed Aid Save Countless Lives After Airstrikes in Lebanon ","118"
"Image","https://www.lifeusa.org/no/tags/jordan","https://static.wixstatic.com/media/74d008_63da57cf95574ca6bacf9b7da574dfd9~mv2.jpg/v1/fill/w_333,h_250,fp_0.50_0.50,q_30,blur_30,enc_avif,quality_auto/74d008_63da57cf95574ca6bacf9b7da574dfd9~mv2.webp","Life for Relief and Development (LIFE) Ambulance and Distributed Aid Save Countless Lives After Airstrikes in Lebanon ","118"
"Image","https://www.lifeusa.org/no/tags/orphan-sponsorship","https://static.wixstatic.com/media/74d008_63da57cf95574ca6bacf9b7da574dfd9~mv2.jpg/v1/fill/w_292,h_219,fp_0.50_0.50,q_90,enc_avif,quality_auto/74d008_63da57cf95574ca6bacf9b7da574dfd9~mv2.webp","Life for Relief and Development (LIFE) Ambulance and Distributed Aid Save Countless Lives After Airstrikes in Lebanon ","118"
"Image","https://www.lifeusa.org/no/tags/emergency-relief","https://static.wixstatic.com/media/74d008_63da57cf95574ca6bacf9b7da574dfd9~mv2.jpg/v1/fill/w_292,h_219,fp_0.50_0.50,q_90,enc_avif,quality_auto/74d008_63da57cf95574ca6bacf9b7da574dfd9~mv2.webp","Life for Relief and Development (LIFE) Ambulance and Distributed Aid Save Countless Lives After Airstrikes in Lebanon ","118"
"Image","https://www.lifeusa.org/no/tags/life-for-relief-and-development-usa","https://static.wixstatic.com/media/74d008_63da57cf95574ca6bacf9b7da574dfd9~mv2.jpg/v1/fill/w_292,h_219,fp_0.50_0.50,q_90,enc_avif,quality_auto/74d008_63da57cf95574ca6bacf9b7da574dfd9~mv2.webp","Life for Relief and Development (LIFE) Ambulance and Distributed Aid Save Countless Lives After Airstrikes in Lebanon ","118"
"Image","https://www.lifeusa.org/no/tags/jordan","https://static.wixstatic.com/media/74d008_63da57cf95574ca6bacf9b7da574dfd9~mv2.jpg/v1/fill/w_292,h_219,fp_0.50_0.50,q_90,enc_avif,quality_auto/74d008_63da57cf95574ca6bacf9b7da574dfd9~mv2.webp","Life for Relief and Development (LIFE) Ambulance and Distributed Aid Save Countless Lives After Airstrikes in Lebanon ","118"
"Image","https://www.lifeusa.org/no/tags/syria-1","https://static.wixstatic.com/media/6df904_4189189d47954a2f8cbfffb98c67d681~mv2.png/v1/fill/w_333,h_250,fp_0.50_0.50,q_35,blur_30,enc_avif,quality_auto/6df904_4189189d47954a2f8cbfffb98c67d681~mv2.webp","LIFE’s Education Initiatives in Syria Generate Positive Outcomes in Enrollment and Graduation Rate Throughout the Country ","122"
"Image","https://www.lifeusa.org/no/tags/community-development","https://static.wixstatic.com/media/6df904_4189189d47954a2f8cbfffb98c67d681~mv2.png/v1/fill/w_333,h_250,fp_0.50_0.50,q_35,blur_30,enc_avif,quality_auto/6df904_4189189d47954a2f8cbfffb98c67d681~mv2.webp","LIFE’s Education Initiatives in Syria Generate Positive Outcomes in Enrollment and Graduation Rate Throughout the Country ","122"
"Image","https://www.lifeusa.org/no/tags/education","https://static.wixstatic.com/media/6df904_4189189d47954a2f8cbfffb98c67d681~mv2.png/v1/fill/w_333,h_250,fp_0.50_0.50,q_35,blur_30,enc_avif,quality_auto/6df904_4189189d47954a2f8cbfffb98c67d681~mv2.webp","LIFE’s Education Initiatives in Syria Generate Positive Outcomes in Enrollment and Graduation Rate Throughout the Country ","122"
"Image","https://www.lifeusa.org/no/tags/syria-1","https://static.wixstatic.com/media/6df904_4189189d47954a2f8cbfffb98c67d681~mv2.png/v1/fill/w_292,h_219,fp_0.50_0.50,q_95,enc_avif,quality_auto/6df904_4189189d47954a2f8cbfffb98c67d681~mv2.webp","LIFE’s Education Initiatives in Syria Generate Positive Outcomes in Enrollment and Graduation Rate Throughout the Country ","122"
"Image","https://www.lifeusa.org/no/tags/community-development","https://static.wixstatic.com/media/6df904_4189189d47954a2f8cbfffb98c67d681~mv2.png/v1/fill/w_292,h_219,fp_0.50_0.50,q_95,enc_avif,quality_auto/6df904_4189189d47954a2f8cbfffb98c67d681~mv2.webp","LIFE’s Education Initiatives in Syria Generate Positive Outcomes in Enrollment and Graduation Rate Throughout the Country ","122"
"Image","https://www.lifeusa.org/no/tags/education","https://static.wixstatic.com/media/6df904_4189189d47954a2f8cbfffb98c67d681~mv2.png/v1/fill/w_292,h_219,fp_0.50_0.50,q_95,enc_avif,quality_auto/6df904_4189189d47954a2f8cbfffb98c67d681~mv2.webp","LIFE’s Education Initiatives in Syria Generate Positive Outcomes in Enrollment and Graduation Rate Throughout the Country ","122"
"Image","https://www.lifeusa.org/no/tags/refugee","https://static.wixstatic.com/media/6df904_6ab46a7f86af4efdaf00a18d77988252~mv2.png/v1/fill/w_333,h_250,fp_0.50_0.50,q_35,blur_30,enc_avif,quality_auto/6df904_6ab46a7f86af4efdaf00a18d77988252~mv2.webp","LIFE Promotes Integrative Healthcare for Rohingya Refugees with the Launch of Vital Eye Care Clinic in Bangladesh","113"
"Image","https://www.lifeusa.org/no/tags/refugee-assistance","https://static.wixstatic.com/media/6df904_6ab46a7f86af4efdaf00a18d77988252~mv2.png/v1/fill/w_333,h_250,fp_0.50_0.50,q_35,blur_30,enc_avif,quality_auto/6df904_6ab46a7f86af4efdaf00a18d77988252~mv2.webp","LIFE Promotes Integrative Healthcare for Rohingya Refugees with the Launch of Vital Eye Care Clinic in Bangladesh","113"
"Image","https://www.lifeusa.org/no/tags/rohingya","https://static.wixstatic.com/media/6df904_6ab46a7f86af4efdaf00a18d77988252~mv2.png/v1/fill/w_333,h_250,fp_0.50_0.50,q_35,blur_30,enc_avif,quality_auto/6df904_6ab46a7f86af4efdaf00a18d77988252~mv2.webp","LIFE Promotes Integrative Healthcare for Rohingya Refugees with the Launch of Vital Eye Care Clinic in Bangladesh","113"
"Image","https://www.lifeusa.org/no/tags/health","https://static.wixstatic.com/media/6df904_6ab46a7f86af4efdaf00a18d77988252~mv2.png/v1/fill/w_333,h_250,fp_0.50_0.50,q_35,blur_30,enc_avif,quality_auto/6df904_6ab46a7f86af4efdaf00a18d77988252~mv2.webp","LIFE Promotes Integrative Healthcare for Rohingya Refugees with the Launch of Vital Eye Care Clinic in Bangladesh","113"
"Image","https://www.lifeusa.org/no/tags/bangladesh-1","https://static.wixstatic.com/media/6df904_6ab46a7f86af4efdaf00a18d77988252~mv2.png/v1/fill/w_333,h_250,fp_0.50_0.50,q_35,blur_30,enc_avif,quality_auto/6df904_6ab46a7f86af4efdaf00a18d77988252~mv2.webp","LIFE Promotes Integrative Healthcare for Rohingya Refugees with the Launch of Vital Eye Care Clinic in Bangladesh","113"
"Image","https://www.lifeusa.org/no/tags/refugee","https://static.wixstatic.com/media/6df904_6ab46a7f86af4efdaf00a18d77988252~mv2.png/v1/fill/w_292,h_219,fp_0.50_0.50,q_95,enc_avif,quality_auto/6df904_6ab46a7f86af4efdaf00a18d77988252~mv2.webp","LIFE Promotes Integrative Healthcare for Rohingya Refugees with the Launch of Vital Eye Care Clinic in Bangladesh","113"
"Image","https://www.lifeusa.org/no/tags/refugee-assistance","https://static.wixstatic.com/media/6df904_6ab46a7f86af4efdaf00a18d77988252~mv2.png/v1/fill/w_292,h_219,fp_0.50_0.50,q_95,enc_avif,quality_auto/6df904_6ab46a7f86af4efdaf00a18d77988252~mv2.webp","LIFE Promotes Integrative Healthcare for Rohingya Refugees with the Launch of Vital Eye Care Clinic in Bangladesh","113"
"Image","https://www.lifeusa.org/no/tags/rohingya","https://static.wixstatic.com/media/6df904_6ab46a7f86af4efdaf00a18d77988252~mv2.png/v1/fill/w_292,h_219,fp_0.50_0.50,q_95,enc_avif,quality_auto/6df904_6ab46a7f86af4efdaf00a18d77988252~mv2.webp","LIFE Promotes Integrative Healthcare for Rohingya Refugees with the Launch of Vital Eye Care Clinic in Bangladesh","113"
"Image","https://www.lifeusa.org/no/tags/health","https://static.wixstatic.com/media/6df904_6ab46a7f86af4efdaf00a18d77988252~mv2.png/v1/fill/w_292,h_219,fp_0.50_0.50,q_95,enc_avif,quality_auto/6df904_6ab46a7f86af4efdaf00a18d77988252~mv2.webp","LIFE Promotes Integrative Healthcare for Rohingya Refugees with the Launch of Vital Eye Care Clinic in Bangladesh","113"
"Image","https://www.lifeusa.org/no/tags/bangladesh-1","https://static.wixstatic.com/media/6df904_6ab46a7f86af4efdaf00a18d77988252~mv2.png/v1/fill/w_292,h_219,fp_0.50_0.50,q_95,enc_avif,quality_auto/6df904_6ab46a7f86af4efdaf00a18d77988252~mv2.webp","LIFE Promotes Integrative Healthcare for Rohingya Refugees with the Launch of Vital Eye Care Clinic in Bangladesh","113"
"Image","https://www.lifeusa.org/post/it-s-okay-to-cry-the-ukrainian-refugee-mental-health-crisis","https://static.wixstatic.com/media/4dc3f8_db076ff4e9664f969d727eeeddd8df33~mv2.png/v1/fill/w_975,h_650,al_c,q_90,enc_avif,quality_auto/4dc3f8_db076ff4e9664f969d727eeeddd8df33~mv2.png","A photo of a small black heart is symbolically passed from one hand to another to denote giving mental healthcare when needed.","126"
"Image","https://www.lifeusa.org/post/the-crucial-role-of-humanitarian-organizations-in-conflict-zones","https://static.wixstatic.com/media/6df904_c4aa0b13ec054a53a2b57aa2f5081d85~mv2.png/v1/fill/w_867,h_741,al_c,q_90,enc_avif,quality_auto/6df904_c4aa0b13ec054a53a2b57aa2f5081d85~mv2.png","Photo of LIFE team members delivering medical supplies and equipment to a medical center in Ukraine. ","101"
"Image","https://www.lifeusa.org/post/no-assistance-in-their-time-of-need","https://static.wixstatic.com/media/6df904_e55323a294624266b1b20c96c83f92a1~mv2.png/v1/fill/w_614,h_408,al_c,q_85,enc_avif,quality_auto/6df904_e55323a294624266b1b20c96c83f92a1~mv2.png","Photo of a medical professional taking care of a newborn with the supplies and equipment sent by LIFE Syria.","108"
"Image","https://www.lifeusa.org/post/the-leading-causes-of-orphans-today","https://static.wixstatic.com/media/4dc3f8_c50d3624c4244486887ed4b0413065ac~mv2.png/v1/fill/w_909,h_567,al_c,q_90,enc_avif,quality_auto/4dc3f8_c50d3624c4244486887ed4b0413065ac~mv2.png","A young girl, orphaned in Mali stands in front of LIFE sign-holding an envelope that will help provide basic life essentials in the coming months. ","147"
"Image","https://www.lifeusa.org/no/tags/food-baskets","https://static.wixstatic.com/media/6df904_c7ac9c43ab384dbc9dafb5ed604fd317~mv2.png/v1/fill/w_333,h_250,fp_0.50_0.50,q_35,blur_30,enc_avif,quality_auto/6df904_c7ac9c43ab384dbc9dafb5ed604fd317~mv2.webp","United Against Hunger: LIFE for Relief and Development’s (LIFE) Global Expansion is Set to Feed Millions this Ramadan","117"
"Image","https://www.lifeusa.org/no/tags/ramadan","https://static.wixstatic.com/media/6df904_c7ac9c43ab384dbc9dafb5ed604fd317~mv2.png/v1/fill/w_333,h_250,fp_0.50_0.50,q_35,blur_30,enc_avif,quality_auto/6df904_c7ac9c43ab384dbc9dafb5ed604fd317~mv2.webp","United Against Hunger: LIFE for Relief and Development’s (LIFE) Global Expansion is Set to Feed Millions this Ramadan","117"
"Image","https://www.lifeusa.org/no/tags/food-baskets","https://static.wixstatic.com/media/6df904_c7ac9c43ab384dbc9dafb5ed604fd317~mv2.png/v1/fill/w_292,h_219,fp_0.50_0.50,q_95,enc_avif,quality_auto/6df904_c7ac9c43ab384dbc9dafb5ed604fd317~mv2.webp","United Against Hunger: LIFE for Relief and Development’s (LIFE) Global Expansion is Set to Feed Millions this Ramadan","117"
"Image","https://www.lifeusa.org/no/tags/ramadan","https://static.wixstatic.com/media/6df904_c7ac9c43ab384dbc9dafb5ed604fd317~mv2.png/v1/fill/w_292,h_219,fp_0.50_0.50,q_95,enc_avif,quality_auto/6df904_c7ac9c43ab384dbc9dafb5ed604fd317~mv2.webp","United Against Hunger: LIFE for Relief and Development’s (LIFE) Global Expansion is Set to Feed Millions this Ramadan","117"
