"Source","Destination","Alt Text"
"https://donate.lifeusa.org/donorportal/login","https://analytics.twitter.com/1/i/adsct?bci=4&dv=UTC%26en-US%26Google%20Inc.%26Linux%20x86_64%26255%26800%26600%2696%2624%26800%26600%260%26na&eci=3&event={}&event_id=0b0a544a-9129-4aaa-834b-ec6d02e5a9b3&integration=advertiser&p_id=Twitter&p_user_id=0&pl_id=5ef90ed9-6b2c-49d6-8b5d-f5019681ff72&pt=Login&tw_document_href=https%3A%2F%2Fdonate.lifeusa.org%2Fdonorportal%2Flogin&tw_iframe_status=0&tw_pid_src=1&twpid=tw.1777812700168.640236149123798650&txn_id=ok5cx&type=javascript&version=2.3.53",""
"https://donate.lifeusa.org/donorportal/login","https://t.co/1/i/adsct?bci=4&dv=UTC%26en-US%26Google%20Inc.%26Linux%20x86_64%26255%26800%26600%2696%2624%26800%26600%260%26na&eci=3&event={}&event_id=0b0a544a-9129-4aaa-834b-ec6d02e5a9b3&integration=advertiser&p_id=Twitter&p_user_id=0&pl_id=5ef90ed9-6b2c-49d6-8b5d-f5019681ff72&pt=Login&tw_document_href=https%3A%2F%2Fdonate.lifeusa.org%2Fdonorportal%2Flogin&tw_iframe_status=0&tw_pid_src=1&twpid=tw.1777812700168.640236149123798650&txn_id=ok5cx&type=javascript&version=2.3.53",""
"https://donate.lifeusa.org/donorportal/?donate=true","https://t.co/1/i/adsct?bci=4&dv=UTC%26en-US%26Google%20Inc.%26Linux%20x86_64%26255%26800%26600%2696%2624%26800%26600%260%26na&eci=3&event={}&event_id=5dd61df5-f284-4683-b765-eed37570e556&integration=advertiser&p_id=Twitter&p_user_id=0&pl_id=0974c2f2-43f5-4ef0-9f83-33b6d94e2c76&pt=Home&tw_document_href=https%3A%2F%2Fdonate.lifeusa.org%2Fdonorportal%2F&tw_iframe_status=0&tw_pid_src=1&twpid=tw.1777313914502.140692464688303667&txn_id=ok5cx&type=javascript&version=2.3.53",""
"https://donate.lifeusa.org/donorportal/?donate=true","https://analytics.twitter.com/1/i/adsct?bci=4&dv=UTC%26en-US%26Google%20Inc.%26Linux%20x86_64%26255%26800%26600%2696%2624%26800%26600%260%26na&eci=3&event={}&event_id=5dd61df5-f284-4683-b765-eed37570e556&integration=advertiser&p_id=Twitter&p_user_id=0&pl_id=0974c2f2-43f5-4ef0-9f83-33b6d94e2c76&pt=Home&tw_document_href=https%3A%2F%2Fdonate.lifeusa.org%2Fdonorportal%2F&tw_iframe_status=0&tw_pid_src=1&twpid=tw.1777313914502.140692464688303667&txn_id=ok5cx&type=javascript&version=2.3.53",""
"https://donate.lifeusa.org/donorportal/udhiyah","https://analytics.twitter.com/1/i/adsct?bci=4&dv=UTC%26en-US%26Google%20Inc.%26Linux%20x86_64%26255%26800%26600%2696%2624%26800%26600%260%26na&eci=3&event={}&event_id=96753833-a4f1-44f7-9f6e-8afc01863ff6&integration=advertiser&p_id=Twitter&p_user_id=0&pl_id=cff3262f-a3c9-41ff-8a9a-488c74fbdb83&pt=Udhiyah&tw_document_href=https%3A%2F%2Fdonate.lifeusa.org%2Fdonorportal%2Fudhiyah&tw_iframe_status=0&tw_pid_src=1&twpid=tw.1778030425108.316371120632805569&txn_id=ok5cx&type=javascript&version=2.3.53",""
"https://donate.lifeusa.org/donorportal/udhiyah","https://t.co/1/i/adsct?bci=4&dv=UTC%26en-US%26Google%20Inc.%26Linux%20x86_64%26255%26800%26600%2696%2624%26800%26600%260%26na&eci=3&event={}&event_id=96753833-a4f1-44f7-9f6e-8afc01863ff6&integration=advertiser&p_id=Twitter&p_user_id=0&pl_id=cff3262f-a3c9-41ff-8a9a-488c74fbdb83&pt=Udhiyah&tw_document_href=https%3A%2F%2Fdonate.lifeusa.org%2Fdonorportal%2Fudhiyah&tw_iframe_status=0&tw_pid_src=1&twpid=tw.1778030425108.316371120632805569&txn_id=ok5cx&type=javascript&version=2.3.53",""
"https://donate.lifeusa.org/donorportal/gaza-relief","https://t.co/1/i/adsct?bci=4&dv=UTC%26en-US%26Google%20Inc.%26Linux%20x86_64%26255%26800%26600%2696%2624%26800%26600%260%26na&eci=3&event={}&event_id=3f44cac4-fd7b-477a-946c-4462532c7cd5&integration=advertiser&p_id=Twitter&p_user_id=0&pl_id=0089bd57-cbe1-4eef-a4e7-26416179549d&pt=Gaza%20Relief&tw_document_href=https%3A%2F%2Fdonate.lifeusa.org%2Fdonorportal%2Fgaza-relief&tw_iframe_status=0&tw_pid_src=1&twpid=tw.1777182342443.570718514115586873&txn_id=ok5cx&type=javascript&version=2.3.53",""
"https://donate.lifeusa.org/donorportal/gaza-relief","https://analytics.twitter.com/1/i/adsct?bci=4&dv=UTC%26en-US%26Google%20Inc.%26Linux%20x86_64%26255%26800%26600%2696%2624%26800%26600%260%26na&eci=3&event={}&event_id=3f44cac4-fd7b-477a-946c-4462532c7cd5&integration=advertiser&p_id=Twitter&p_user_id=0&pl_id=0089bd57-cbe1-4eef-a4e7-26416179549d&pt=Gaza%20Relief&tw_document_href=https%3A%2F%2Fdonate.lifeusa.org%2Fdonorportal%2Fgaza-relief&tw_iframe_status=0&tw_pid_src=1&twpid=tw.1777182342443.570718514115586873&txn_id=ok5cx&type=javascript&version=2.3.53",""
"https://donate.lifeusa.org/donorportal/emergency-relief?EmergencyReliefProgram=11WVy000001QlE2MAK","https://t.co/1/i/adsct?bci=4&dv=UTC%26en-US%26Google%20Inc.%26Linux%20x86_64%26255%26800%26600%2696%2624%26800%26600%260%26na&eci=3&event={}&event_id=4ebcb137-17c3-4c7a-bf74-ceea1310a7da&integration=advertiser&p_id=Twitter&p_user_id=0&pl_id=d4eeb144-a5fc-4969-b174-ee92fb26041f&pt=Emergency%20Relief&tw_document_href=https%3A%2F%2Fdonate.lifeusa.org%2Fdonorportal%2Femergency-relief&tw_iframe_status=0&tw_pid_src=1&twpid=tw.1778101341785.874576261321967148&txn_id=ok5cx&type=javascript&version=2.3.53",""
"https://donate.lifeusa.org/donorportal/emergency-relief?EmergencyReliefProgram=11WVy000001QlE2MAK","https://analytics.twitter.com/1/i/adsct?bci=4&dv=UTC%26en-US%26Google%20Inc.%26Linux%20x86_64%26255%26800%26600%2696%2624%26800%26600%260%26na&eci=3&event={}&event_id=4ebcb137-17c3-4c7a-bf74-ceea1310a7da&integration=advertiser&p_id=Twitter&p_user_id=0&pl_id=d4eeb144-a5fc-4969-b174-ee92fb26041f&pt=Emergency%20Relief&tw_document_href=https%3A%2F%2Fdonate.lifeusa.org%2Fdonorportal%2Femergency-relief&tw_iframe_status=0&tw_pid_src=1&twpid=tw.1778101341785.874576261321967148&txn_id=ok5cx&type=javascript&version=2.3.53",""
"https://donate.lifeusa.org/donorportal/project-designations?Program=11WVy000001QlE7MAK","https://analytics.twitter.com/1/i/adsct?bci=4&dv=UTC%26en-US%26Google%20Inc.%26Linux%20x86_64%26255%26800%26600%2696%2624%26800%26600%260%26na&eci=3&event={}&event_id=8b82cb12-c7dd-466f-92f6-5a0d3d98d2a7&integration=advertiser&p_id=Twitter&p_user_id=0&pl_id=1a0c1818-41d8-471c-8098-b0451fa0f195&pt=Project%20Designations&tw_document_href=https%3A%2F%2Fdonate.lifeusa.org%2Fdonorportal%2Fproject-designations&tw_iframe_status=0&tw_pid_src=1&twpid=tw.1777552606924.869838067670168680&txn_id=ok5cx&type=javascript&version=2.3.53",""
"https://donate.lifeusa.org/donorportal/project-designations?Program=11WVy000001QlE9MAK","https://analytics.twitter.com/1/i/adsct?bci=4&dv=UTC%26en-US%26Google%20Inc.%26Linux%20x86_64%26255%26800%26600%2696%2624%26800%26600%260%26na&eci=3&event={}&event_id=8b82cb12-c7dd-466f-92f6-5a0d3d98d2a7&integration=advertiser&p_id=Twitter&p_user_id=0&pl_id=1a0c1818-41d8-471c-8098-b0451fa0f195&pt=Project%20Designations&tw_document_href=https%3A%2F%2Fdonate.lifeusa.org%2Fdonorportal%2Fproject-designations&tw_iframe_status=0&tw_pid_src=1&twpid=tw.1777552606924.869838067670168680&txn_id=ok5cx&type=javascript&version=2.3.53",""
"https://donate.lifeusa.org/donorportal/project-designations?Program=11WVy000001QlE8MAK","https://analytics.twitter.com/1/i/adsct?bci=4&dv=UTC%26en-US%26Google%20Inc.%26Linux%20x86_64%26255%26800%26600%2696%2624%26800%26600%260%26na&eci=3&event={}&event_id=8b82cb12-c7dd-466f-92f6-5a0d3d98d2a7&integration=advertiser&p_id=Twitter&p_user_id=0&pl_id=1a0c1818-41d8-471c-8098-b0451fa0f195&pt=Project%20Designations&tw_document_href=https%3A%2F%2Fdonate.lifeusa.org%2Fdonorportal%2Fproject-designations&tw_iframe_status=0&tw_pid_src=1&twpid=tw.1777552606924.869838067670168680&txn_id=ok5cx&type=javascript&version=2.3.53",""
"https://donate.lifeusa.org/donorportal/project-designations?Program=11WVy000001QlE4MAK","https://analytics.twitter.com/1/i/adsct?bci=4&dv=UTC%26en-US%26Google%20Inc.%26Linux%20x86_64%26255%26800%26600%2696%2624%26800%26600%260%26na&eci=3&event={}&event_id=8b82cb12-c7dd-466f-92f6-5a0d3d98d2a7&integration=advertiser&p_id=Twitter&p_user_id=0&pl_id=1a0c1818-41d8-471c-8098-b0451fa0f195&pt=Project%20Designations&tw_document_href=https%3A%2F%2Fdonate.lifeusa.org%2Fdonorportal%2Fproject-designations&tw_iframe_status=0&tw_pid_src=1&twpid=tw.1777552606924.869838067670168680&txn_id=ok5cx&type=javascript&version=2.3.53",""
"https://donate.lifeusa.org/donorportal/project-designations?Program=11WVy000001QlE5MAK","https://analytics.twitter.com/1/i/adsct?bci=4&dv=UTC%26en-US%26Google%20Inc.%26Linux%20x86_64%26255%26800%26600%2696%2624%26800%26600%260%26na&eci=3&event={}&event_id=8b82cb12-c7dd-466f-92f6-5a0d3d98d2a7&integration=advertiser&p_id=Twitter&p_user_id=0&pl_id=1a0c1818-41d8-471c-8098-b0451fa0f195&pt=Project%20Designations&tw_document_href=https%3A%2F%2Fdonate.lifeusa.org%2Fdonorportal%2Fproject-designations&tw_iframe_status=0&tw_pid_src=1&twpid=tw.1777552606924.869838067670168680&txn_id=ok5cx&type=javascript&version=2.3.53",""
"https://donate.lifeusa.org/donorportal/project-designations?Program=11WVy000001QlE7MAK","https://t.co/1/i/adsct?bci=4&dv=UTC%26en-US%26Google%20Inc.%26Linux%20x86_64%26255%26800%26600%2696%2624%26800%26600%260%26na&eci=3&event={}&event_id=8b82cb12-c7dd-466f-92f6-5a0d3d98d2a7&integration=advertiser&p_id=Twitter&p_user_id=0&pl_id=1a0c1818-41d8-471c-8098-b0451fa0f195&pt=Project%20Designations&tw_document_href=https%3A%2F%2Fdonate.lifeusa.org%2Fdonorportal%2Fproject-designations&tw_iframe_status=0&tw_pid_src=1&twpid=tw.1777552606924.869838067670168680&txn_id=ok5cx&type=javascript&version=2.3.53",""
"https://donate.lifeusa.org/donorportal/project-designations?Program=11WVy000001QlE9MAK","https://t.co/1/i/adsct?bci=4&dv=UTC%26en-US%26Google%20Inc.%26Linux%20x86_64%26255%26800%26600%2696%2624%26800%26600%260%26na&eci=3&event={}&event_id=8b82cb12-c7dd-466f-92f6-5a0d3d98d2a7&integration=advertiser&p_id=Twitter&p_user_id=0&pl_id=1a0c1818-41d8-471c-8098-b0451fa0f195&pt=Project%20Designations&tw_document_href=https%3A%2F%2Fdonate.lifeusa.org%2Fdonorportal%2Fproject-designations&tw_iframe_status=0&tw_pid_src=1&twpid=tw.1777552606924.869838067670168680&txn_id=ok5cx&type=javascript&version=2.3.53",""
"https://donate.lifeusa.org/donorportal/project-designations?Program=11WVy000001QlE8MAK","https://t.co/1/i/adsct?bci=4&dv=UTC%26en-US%26Google%20Inc.%26Linux%20x86_64%26255%26800%26600%2696%2624%26800%26600%260%26na&eci=3&event={}&event_id=8b82cb12-c7dd-466f-92f6-5a0d3d98d2a7&integration=advertiser&p_id=Twitter&p_user_id=0&pl_id=1a0c1818-41d8-471c-8098-b0451fa0f195&pt=Project%20Designations&tw_document_href=https%3A%2F%2Fdonate.lifeusa.org%2Fdonorportal%2Fproject-designations&tw_iframe_status=0&tw_pid_src=1&twpid=tw.1777552606924.869838067670168680&txn_id=ok5cx&type=javascript&version=2.3.53",""
"https://donate.lifeusa.org/donorportal/project-designations?Program=11WVy000001QlE4MAK","https://t.co/1/i/adsct?bci=4&dv=UTC%26en-US%26Google%20Inc.%26Linux%20x86_64%26255%26800%26600%2696%2624%26800%26600%260%26na&eci=3&event={}&event_id=8b82cb12-c7dd-466f-92f6-5a0d3d98d2a7&integration=advertiser&p_id=Twitter&p_user_id=0&pl_id=1a0c1818-41d8-471c-8098-b0451fa0f195&pt=Project%20Designations&tw_document_href=https%3A%2F%2Fdonate.lifeusa.org%2Fdonorportal%2Fproject-designations&tw_iframe_status=0&tw_pid_src=1&twpid=tw.1777552606924.869838067670168680&txn_id=ok5cx&type=javascript&version=2.3.53",""
"https://donate.lifeusa.org/donorportal/project-designations?Program=11WVy000001QlE5MAK","https://t.co/1/i/adsct?bci=4&dv=UTC%26en-US%26Google%20Inc.%26Linux%20x86_64%26255%26800%26600%2696%2624%26800%26600%260%26na&eci=3&event={}&event_id=8b82cb12-c7dd-466f-92f6-5a0d3d98d2a7&integration=advertiser&p_id=Twitter&p_user_id=0&pl_id=1a0c1818-41d8-471c-8098-b0451fa0f195&pt=Project%20Designations&tw_document_href=https%3A%2F%2Fdonate.lifeusa.org%2Fdonorportal%2Fproject-designations&tw_iframe_status=0&tw_pid_src=1&twpid=tw.1777552606924.869838067670168680&txn_id=ok5cx&type=javascript&version=2.3.53",""
"https://donate.lifeusa.org/donorportal/SelfRegister","https://t.co/1/i/adsct?bci=4&dv=UTC%26en-US%26Google%20Inc.%26Linux%20x86_64%26255%26800%26600%2696%2624%26800%26600%260%26na&eci=3&event={}&event_id=2d1672b2-9f31-4d95-bc9f-4429e911ae6a&integration=advertiser&p_id=Twitter&p_user_id=0&pl_id=fa5a591c-638d-4a45-b36e-374e23ce1fe7&pt=Register&tw_document_href=https%3A%2F%2Fdonate.lifeusa.org%2Fdonorportal%2FSelfRegister&tw_iframe_status=0&tw_pid_src=1&twpid=tw.1777401374610.329493447919587887&txn_id=ok5cx&type=javascript&version=2.3.53",""
"https://donate.lifeusa.org/donorportal/SelfRegister","https://analytics.twitter.com/1/i/adsct?bci=4&dv=UTC%26en-US%26Google%20Inc.%26Linux%20x86_64%26255%26800%26600%2696%2624%26800%26600%260%26na&eci=3&event={}&event_id=2d1672b2-9f31-4d95-bc9f-4429e911ae6a&integration=advertiser&p_id=Twitter&p_user_id=0&pl_id=fa5a591c-638d-4a45-b36e-374e23ce1fe7&pt=Register&tw_document_href=https%3A%2F%2Fdonate.lifeusa.org%2Fdonorportal%2FSelfRegister&tw_iframe_status=0&tw_pid_src=1&twpid=tw.1777401374610.329493447919587887&txn_id=ok5cx&type=javascript&version=2.3.53",""
"https://donate.lifeusa.org/donorportal/campaign?UTM_SourceCode=LebanonEmergencyRelief26&CampaignID=701Vy00001Nj9MLIAZ","https://analytics.twitter.com/1/i/adsct?bci=4&dv=UTC%26en-US%26Google%20Inc.%26Linux%20x86_64%26255%26800%26600%2696%2624%26800%26600%260%26na&eci=3&event={}&event_id=cb2bcd02-a691-4424-bf95-88c4945f6f29&integration=advertiser&p_id=Twitter&p_user_id=0&pl_id=5b900831-b5f3-435b-924b-4b2981718648&pt=Campaign&tw_document_href=https%3A%2F%2Fdonate.lifeusa.org%2Fdonorportal%2Fcampaign&tw_iframe_status=0&tw_pid_src=1&twpid=tw.1777273853146.748950382587987043&txn_id=ok5cx&type=javascript&version=2.3.53",""
"https://donate.lifeusa.org/donorportal/campaign?UTM_SourceCode=UkraineEmergencyRelief&CampaignID=701Vy00001QJyCHIA1","https://analytics.twitter.com/1/i/adsct?bci=4&dv=UTC%26en-US%26Google%20Inc.%26Linux%20x86_64%26255%26800%26600%2696%2624%26800%26600%260%26na&eci=3&event={}&event_id=cb2bcd02-a691-4424-bf95-88c4945f6f29&integration=advertiser&p_id=Twitter&p_user_id=0&pl_id=5b900831-b5f3-435b-924b-4b2981718648&pt=Campaign&tw_document_href=https%3A%2F%2Fdonate.lifeusa.org%2Fdonorportal%2Fcampaign&tw_iframe_status=0&tw_pid_src=1&twpid=tw.1777273853146.748950382587987043&txn_id=ok5cx&type=javascript&version=2.3.53",""
"https://donate.lifeusa.org/donorportal/campaign?UTM_SourceCode=LebanonEmergencyRelief26&CampaignID=701Vy00001Nj9MLIAZ","https://t.co/1/i/adsct?bci=4&dv=UTC%26en-US%26Google%20Inc.%26Linux%20x86_64%26255%26800%26600%2696%2624%26800%26600%260%26na&eci=3&event={}&event_id=cb2bcd02-a691-4424-bf95-88c4945f6f29&integration=advertiser&p_id=Twitter&p_user_id=0&pl_id=5b900831-b5f3-435b-924b-4b2981718648&pt=Campaign&tw_document_href=https%3A%2F%2Fdonate.lifeusa.org%2Fdonorportal%2Fcampaign&tw_iframe_status=0&tw_pid_src=1&twpid=tw.1777273853146.748950382587987043&txn_id=ok5cx&type=javascript&version=2.3.53",""
"https://donate.lifeusa.org/donorportal/campaign?UTM_SourceCode=UkraineEmergencyRelief&CampaignID=701Vy00001QJyCHIA1","https://t.co/1/i/adsct?bci=4&dv=UTC%26en-US%26Google%20Inc.%26Linux%20x86_64%26255%26800%26600%2696%2624%26800%26600%260%26na&eci=3&event={}&event_id=cb2bcd02-a691-4424-bf95-88c4945f6f29&integration=advertiser&p_id=Twitter&p_user_id=0&pl_id=5b900831-b5f3-435b-924b-4b2981718648&pt=Campaign&tw_document_href=https%3A%2F%2Fdonate.lifeusa.org%2Fdonorportal%2Fcampaign&tw_iframe_status=0&tw_pid_src=1&twpid=tw.1777273853146.748950382587987043&txn_id=ok5cx&type=javascript&version=2.3.53",""
"https://donate.lifeusa.org/donorportal/cart","https://t.co/1/i/adsct?bci=4&dv=UTC%26en-US%26Google%20Inc.%26Linux%20x86_64%26255%26800%26600%2696%2624%26800%26600%260%26na&eci=3&event={}&event_id=71bf5509-e18f-48b6-8f22-061049476479&integration=advertiser&p_id=Twitter&p_user_id=0&pl_id=bb6125c0-2bc9-4af6-9b2e-69178cf95fd0&pt=Cart&tw_document_href=https%3A%2F%2Fdonate.lifeusa.org%2Fdonorportal%2Fcart&tw_iframe_status=0&tw_pid_src=1&twpid=tw.1777662001272.526905514441846844&txn_id=ok5cx&type=javascript&version=2.3.53",""
"https://donate.lifeusa.org/donorportal/cart","https://analytics.twitter.com/1/i/adsct?bci=4&dv=UTC%26en-US%26Google%20Inc.%26Linux%20x86_64%26255%26800%26600%2696%2624%26800%26600%260%26na&eci=3&event={}&event_id=71bf5509-e18f-48b6-8f22-061049476479&integration=advertiser&p_id=Twitter&p_user_id=0&pl_id=bb6125c0-2bc9-4af6-9b2e-69178cf95fd0&pt=Cart&tw_document_href=https%3A%2F%2Fdonate.lifeusa.org%2Fdonorportal%2Fcart&tw_iframe_status=0&tw_pid_src=1&twpid=tw.1777662001272.526905514441846844&txn_id=ok5cx&type=javascript&version=2.3.53",""
"https://donate.lifeusa.org/donorportal/seasonal-designations","https://t.co/1/i/adsct?bci=4&dv=UTC%26en-US%26Google%20Inc.%26Linux%20x86_64%26255%26800%26600%2696%2624%26800%26600%260%26na&eci=3&event={}&event_id=4e4dbd59-3414-4e59-a335-78afe072bea9&integration=advertiser&p_id=Twitter&p_user_id=0&pl_id=1eaee4cc-3ee4-472c-9674-7b81989aa53c&pt=Seasonal%20Designations&tw_document_href=https%3A%2F%2Fdonate.lifeusa.org%2Fdonorportal%2Fseasonal-designations&tw_iframe_status=0&tw_pid_src=1&twpid=tw.1776935178631.961186306109785459&txn_id=ok5cx&type=javascript&version=2.3.53",""
"https://donate.lifeusa.org/donorportal/seasonal-designations","https://analytics.twitter.com/1/i/adsct?bci=4&dv=UTC%26en-US%26Google%20Inc.%26Linux%20x86_64%26255%26800%26600%2696%2624%26800%26600%260%26na&eci=3&event={}&event_id=4e4dbd59-3414-4e59-a335-78afe072bea9&integration=advertiser&p_id=Twitter&p_user_id=0&pl_id=1eaee4cc-3ee4-472c-9674-7b81989aa53c&pt=Seasonal%20Designations&tw_document_href=https%3A%2F%2Fdonate.lifeusa.org%2Fdonorportal%2Fseasonal-designations&tw_iframe_status=0&tw_pid_src=1&twpid=tw.1776935178631.961186306109785459&txn_id=ok5cx&type=javascript&version=2.3.53",""
