"Address","Indexability","Indexability Status","Crawl Depth","Link Score","Inlinks","Unique Inlinks","Unique JS Inlinks","% of Total","Outlinks","Unique Outlinks","Unique JS Outlinks","External Outlinks","Unique External Outlinks","Unique External JS Outlinks"
"https://www.lifeusa.org/","Indexable","","1","","545","265","0","100.000","37","25","0","12","12","0"
"https://www.lifeusa.org/post/give-the-smart-way-stop-paying-taxes-on-stocks-and-receive-a-big-tax-deduction","Indexable","","3","","1","1","0","0.380","32","24","0","16","15","0"
"https://www.lifeusa.org/post/health-for-all-how-life-is-closing-the-global-healthcare-gap","Indexable","","3","","1","1","0","0.380","34","25","0","20","18","0"
"https://www.lifeusa.org/post/when-the-guadalupe-river-roared-texas-tested-with-devastation-and-loss","Indexable","","3","","1","1","0","0.380","33","25","0","12","11","0"
"https://www.lifeusa.org/post/let-them-play-life-gives-every-child-a-chance-to-be-a-child-at-the-global-orphan-eid-parties","Indexable","","5","","2","2","0","0.750","35","27","0","12","11","0"
"https://www.lifeusa.org/post/discovering-ramadan-2024-fasting-charity-and-spiritual-nourishment","Indexable","","7","","2","2","0","0.750","35","27","0","14","13","0"
"https://www.lifeusa.org/post/united-against-hunger-life-for-relief-and-development-s-life-global-expansion-is-set-to-feed-mill","Indexable","","7","","2","2","0","0.750","35","27","0","12","11","0"
"https://www.lifeusa.org/post/why-giving-makes-you-wealthier","Indexable","","7","","2","2","0","0.750","34","26","0","11","10","0"
"https://www.lifeusa.org/post/behind-the-label-refugee","Indexable","","7","","1","1","0","0.380","33","25","0","11","11","0"
