"Address","Content Type","Status Code","Status","HTTP Version","Indexability","Indexability Status","Canonical Link Element 1","Meta Robots 1","X-Robots-Tag 1"
"https://www.lifeusa.org/","text/html; charset=UTF-8","200","OK","1.1","Indexable","","https://www.lifeusa.org/","",""
"https://www.lifeusa.org/get-involved","text/html; charset=UTF-8","200","OK","1.1","Indexable","","https://www.lifeusa.org/get-involved","",""
"https://www.lifeusa.org/about","text/html; charset=UTF-8","200","OK","1.1","Indexable","","https://www.lifeusa.org/about","",""
"https://www.lifeusa.org/financial-reports","text/html; charset=UTF-8","200","OK","1.1","Indexable","","https://www.lifeusa.org/financial-reports","",""
"https://www.lifeusa.org/post/the-global-environmental-crisis-water-climate-and-life-s-impact","text/html; charset=UTF-8","200","OK","1.1","Indexable","","https://www.lifeusa.org/post/the-global-environmental-crisis-water-climate-and-life-s-impact","",""
"https://www.lifeusa.org/board-members","text/html; charset=UTF-8","200","OK","1.1","Indexable","","https://www.lifeusa.org/board-members","",""
"https://www.lifeusa.org/annualreports","text/html; charset=UTF-8","200","OK","1.1","Indexable","","https://www.lifeusa.org/annualreports","",""
"https://www.lifeusa.org/blogs","text/html; charset=UTF-8","200","OK","1.1","Indexable","","https://www.lifeusa.org/blogs","",""
"https://www.lifeusa.org/lebanon-emergency-relief","text/html; charset=UTF-8","200","OK","1.1","Indexable","","https://www.lifeusa.org/lebanon-emergency-relief","",""
"https://www.lifeusa.org/media","text/html; charset=UTF-8","200","OK","1.1","Indexable","","https://www.lifeusa.org/media","",""
"https://www.lifeusa.org/privacy-policy","text/html; charset=UTF-8","200","OK","1.1","Indexable","","https://www.lifeusa.org/privacy-policy","",""
"https://www.lifeusa.org/waystogive","text/html; charset=UTF-8","200","OK","1.1","Indexable","","https://www.lifeusa.org/waystogive","",""
"https://www.lifeusa.org/programs","text/html; charset=UTF-8","200","OK","1.1","Indexable","","https://www.lifeusa.org/programs","",""
"https://www.lifeusa.org/post/the-world-keeps-making-more-plastic-and-the-cost-is-human","text/html; charset=UTF-8","200","OK","1.1","Indexable","","https://www.lifeusa.org/post/the-world-keeps-making-more-plastic-and-the-cost-is-human","",""
"https://www.lifeusa.org/post/children-in-crisis-the-psychological-toll-of-violence","text/html; charset=UTF-8","200","OK","1.1","Indexable","","https://www.lifeusa.org/post/children-in-crisis-the-psychological-toll-of-violence","",""
"https://www.lifeusa.org/volunteer","text/html; charset=UTF-8","200","OK","1.1","Indexable","","https://www.lifeusa.org/volunteer","",""
"https://www.lifeusa.org/careers","text/html; charset=UTF-8","200","OK","1.1","Indexable","","https://www.lifeusa.org/careers","",""
"https://www.lifeusa.org/fundraising","text/html; charset=UTF-8","200","OK","1.1","Indexable","","https://www.lifeusa.org/fundraising","",""
"https://www.lifeusa.org/doublethedonation","text/html; charset=UTF-8","200","OK","1.1","Indexable","","https://www.lifeusa.org/doublethedonation","",""
"https://donate.lifeusa.org/donorportal/webruntime/org-asset/50a8e07e9e/resource/081Vy0000005faP","image/png","200","OK","1.1","Indexable","","","",""
"https://donate.lifeusa.org/donorportal/sfsites/c/cms/delivery/media/MC3OFMJP5FOZGPJANYLRK5DC3WLA?version=1.1&preloadAs=style","text/css","200","OK","1.1","Indexable","","","",""
"https://donate.lifeusa.org/donorportal/assets/styles/dxp-slds-extensions.min.css?50a8e07e9e","text/css; charset=UTF-8","200","OK","1.1","Indexable","","","",""
"https://donate.lifeusa.org/donorportal/assets/styles/dxp-site-spacing-styling-hooks.min.css?50a8e07e9e","text/css; charset=UTF-8","200","OK","1.1","Indexable","","","",""
"https://donate.lifeusa.org/donorportal/assets/styles/dxp-styling-hooks.min.css?50a8e07e9e","text/css; charset=UTF-8","200","OK","1.1","Indexable","","","",""
"https://donate.lifeusa.org/donorportal/assets/styles/salesforce-lightning-design-system.min.css?50a8e07e9e","text/css; charset=UTF-8","200","OK","1.1","Indexable","","","",""
"https://www.lifeusa.org/_files/ugd/6df904_c6509338c6ab4c06804bbcb8c361f812.pdf","application/pdf","200","OK","1.1","Non-Indexable","noindex","","","noindex, nofollow"
"https://donate.lifeusa.org/donorportal/sfsites/c/resource/life_login2","text/css","200","OK","1.1","Indexable","","","",""
"https://donate.lifeusa.org/donorportal/sfsites/c/cms/delivery/media/MCSFYZCA4DHZES5N4IJ5N5HDXR24?version=1.1&preloadAs=style","text/css","200","OK","1.1","Indexable","","","",""
"https://www.lifeusa.org/_files/ugd/6df904_90a5efa7142d4148b84eb0525c66de78.pdf","application/pdf","200","OK","1.1","Non-Indexable","noindex","","","noindex, nofollow"
"https://www.lifeusa.org/_files/ugd/6df904_820ade476dff47d188f8b9378318d242.pdf","application/pdf","200","OK","1.1","Non-Indexable","noindex","","","noindex, nofollow"
"https://www.lifeusa.org/_files/ugd/6df904_b6f9e409a1a2422c8d4d9e7368d08fbb.pdf","application/pdf","200","OK","1.1","Non-Indexable","noindex","","","noindex, nofollow"
"https://www.lifeusa.org/_files/ugd/6df904_97c1a5bca4fb48c2bc203de1898dad42.pdf","application/pdf","200","OK","1.1","Non-Indexable","noindex","","","noindex, nofollow"
"https://www.lifeusa.org/_files/ugd/6df904_957a74369bdb4c0e871f69ae92f60ef0.pdf","application/pdf","200","OK","1.1","Non-Indexable","noindex","","","noindex, nofollow"
"https://www.lifeusa.org/_files/ugd/6df904_d302c1520c0d4a62bb0caeef25054425.pdf","application/pdf","200","OK","1.1","Non-Indexable","noindex","","","noindex, nofollow"
"https://www.lifeusa.org/_files/ugd/6df904_fbb391218c0a4ab3a609e7ded6d5d8f2.pdf","application/pdf","200","OK","1.1","Non-Indexable","noindex","","","noindex, nofollow"
"https://www.lifeusa.org/_files/ugd/6df904_87226379919b4320b943ce00af7190d1.pdf","application/pdf","200","OK","1.1","Non-Indexable","noindex","","","noindex, nofollow"
"https://www.lifeusa.org/no","text/html; charset=UTF-8","200","OK","1.1","Indexable","","https://www.lifeusa.org/no","",""
"https://www.lifeusa.org/no/categories/life-blog","text/html; charset=UTF-8","200","OK","1.1","Indexable","","https://www.lifeusa.org/no/categories/life-blog","index",""
"https://www.lifeusa.org/no/categories/giving-charity","text/html; charset=UTF-8","200","OK","1.1","Indexable","","https://www.lifeusa.org/no/categories/giving-charity","index",""
"https://www.lifeusa.org/no/categories/reports","text/html; charset=UTF-8","200","OK","1.1","Indexable","","https://www.lifeusa.org/no/categories/reports","index",""
"https://www.lifeusa.org/no/categories/tax-write-off","text/html; charset=UTF-8","200","OK","1.1","Indexable","","https://www.lifeusa.org/no/categories/tax-write-off","index",""
"https://www.lifeusa.org/no/categories/philosophy","text/html; charset=UTF-8","200","OK","1.1","Indexable","","https://www.lifeusa.org/no/categories/philosophy","index",""
"https://www.lifeusa.org/post/women-s-empowerment-the-key-to-solving-world-hunger","text/html; charset=UTF-8","200","OK","1.1","Indexable","","https://www.lifeusa.org/post/women-s-empowerment-the-key-to-solving-world-hunger","",""
"https://www.lifeusa.org/no/categories/purpose","text/html; charset=UTF-8","200","OK","1.1","Indexable","","https://www.lifeusa.org/no/categories/purpose","index",""
"https://www.lifeusa.org/_files/ugd/6df904_d0fe1b850fe14f2aafff753149a31e93.pdf","application/pdf","200","OK","1.1","Non-Indexable","noindex","","","noindex, nofollow"
"https://www.lifeusa.org/_files/ugd/6df904_0f8f4c0387d84ee0822e7a097e609290.pdf","application/pdf","200","OK","1.1","Non-Indexable","noindex","","","noindex, nofollow"
"https://www.lifeusa.org/_files/ugd/6df904_3fba3e9f3e774668aebec37fddc53405.pdf","application/pdf","200","OK","1.1","Non-Indexable","noindex","","","noindex, nofollow"
"https://www.lifeusa.org/_files/ugd/6df904_70ad03d60ccd401c9560d51dcb8a0d38.pdf","application/pdf","200","OK","1.1","Non-Indexable","noindex","","","noindex, nofollow"
"https://www.lifeusa.org/_files/ugd/6df904_3aa728eb8ed446d4a430e655104dc318.pdf","application/pdf","200","OK","1.1","Non-Indexable","noindex","","","noindex, nofollow"
"https://www.lifeusa.org/post/one-dollar-can-change-someone-s-life","text/html; charset=UTF-8","200","OK","1.1","Indexable","","https://www.lifeusa.org/post/one-dollar-can-change-someone-s-life","",""
"https://www.lifeusa.org/post/afghanistan-s-earthquake-stories-of-survival-and-relief","text/html; charset=UTF-8","200","OK","1.1","Indexable","","https://www.lifeusa.org/post/afghanistan-s-earthquake-stories-of-survival-and-relief","",""
"https://www.lifeusa.org/post/why-one-gift-means-the-world-to-an-orphaned-child","text/html; charset=UTF-8","200","OK","1.1","Indexable","","https://www.lifeusa.org/post/why-one-gift-means-the-world-to-an-orphaned-child","",""
"https://www.lifeusa.org/post/children-forced-to-sleep-in-cars-and-on-the-streets-as-over-800-000-are-displaced-in-lebanon","text/html; charset=UTF-8","200","OK","1.1","Indexable","","https://www.lifeusa.org/post/children-forced-to-sleep-in-cars-and-on-the-streets-as-over-800-000-are-displaced-in-lebanon","",""
"https://www.lifeusa.org/post/remembering-judge-frank-caprio-a-judge-who-redefined-leadership-through-compassion","text/html; charset=UTF-8","200","OK","1.1","Indexable","","https://www.lifeusa.org/post/remembering-judge-frank-caprio-a-judge-who-redefined-leadership-through-compassion","",""
"https://www.lifeusa.org/post/over-6-5-hungry-in-somalia-why-your-giving-matters-now-more-than-ever","text/html; charset=UTF-8","200","OK","1.1","Indexable","","https://www.lifeusa.org/post/over-6-5-hungry-in-somalia-why-your-giving-matters-now-more-than-ever","",""
"https://www.lifeusa.org/post/starvation-in-gaza-why-the-world-must-act-now-before-thousands-more-die","text/html; charset=UTF-8","200","OK","1.1","Indexable","","https://www.lifeusa.org/post/starvation-in-gaza-why-the-world-must-act-now-before-thousands-more-die","",""
"https://www.lifeusa.org/post/latest-cuts-to-humanitarian-aid-leave-millions-without-hope","text/html; charset=UTF-8","200","OK","1.1","Indexable","","https://www.lifeusa.org/post/latest-cuts-to-humanitarian-aid-leave-millions-without-hope","",""
"https://www.lifeusa.org/legacy","text/html; charset=UTF-8","200","OK","1.1","Indexable","","https://www.lifeusa.org/legacy","",""
"https://www.lifeusa.org/copy-of-freewill-landing-page","text/html; charset=UTF-8","200","OK","1.1","Indexable","","https://www.lifeusa.org/copy-of-freewill-landing-page","",""
"https://www.lifeusa.org/newsletters","text/html; charset=UTF-8","200","OK","1.1","Indexable","","https://www.lifeusa.org/newsletters","",""
"https://donate.lifeusa.org/donorportal/assets/styles/dxp-styling-hooks.min.css?4b9fffd575","text/css; charset=UTF-8","200","OK","1.1","Indexable","","","",""
"https://www.lifeusa.org/news","text/html; charset=UTF-8","200","OK","1.1","Indexable","","https://www.lifeusa.org/news","",""
"https://donate.lifeusa.org/donorportal/assets/styles/salesforce-lightning-design-system.min.css?4b9fffd575","text/css; charset=UTF-8","200","OK","1.1","Indexable","","","",""
"https://donate.lifeusa.org/donorportal/webruntime/org-asset/4b9fffd575/resource/081Vy0000005faP","image/png","200","OK","1.1","Indexable","","","",""
"https://donate.lifeusa.org/donorportal/assets/styles/dxp-slds-extensions.min.css?4b9fffd575","text/css; charset=UTF-8","200","OK","1.1","Indexable","","","",""
"https://www.lifeusa.org/press","text/html; charset=UTF-8","200","OK","1.1","Indexable","","https://www.lifeusa.org/press","",""
"https://donate.lifeusa.org/donorportal/assets/styles/dxp-site-spacing-styling-hooks.min.css?4b9fffd575","text/css; charset=UTF-8","200","OK","1.1","Indexable","","","",""
"https://donate.lifeusa.org/donorportal/webruntime/org-asset/22b004e4a8/resource/081Vy0000005faP","image/png","200","OK","1.1","Indexable","","","",""
"https://donate.lifeusa.org/donorportal/assets/styles/dxp-styling-hooks.min.css?22b004e4a8","text/css; charset=UTF-8","200","OK","1.1","Indexable","","","",""
"https://donate.lifeusa.org/donorportal/assets/styles/salesforce-lightning-design-system.min.css?22b004e4a8","text/css; charset=UTF-8","200","OK","1.1","Indexable","","","",""
"https://donate.lifeusa.org/donorportal/webruntime/org-asset/22b004e4a8/resource/081Vy0000002C3V","image/jpeg","200","OK","1.1","Indexable","","","",""
"https://donate.lifeusa.org/donorportal/assets/styles/dxp-site-spacing-styling-hooks.min.css?22b004e4a8","text/css; charset=UTF-8","200","OK","1.1","Indexable","","","",""
"https://donate.lifeusa.org/donorportal/assets/styles/dxp-slds-extensions.min.css?22b004e4a8","text/css; charset=UTF-8","200","OK","1.1","Indexable","","","",""
"https://donate.lifeusa.org/donorportal/assets/styles/dxp-site-spacing-styling-hooks.min.css?14a9f9b1ca","text/css; charset=UTF-8","200","OK","1.1","Indexable","","","",""
"https://donate.lifeusa.org/donorportal/webruntime/org-asset/14a9f9b1ca/resource/081Vy0000005faQ/flag-icons-7.5.0/css/flag-icons.min.css","text/css","200","OK","1.1","Indexable","","","",""
"https://donate.lifeusa.org/donorportal/assets/styles/dxp-slds-extensions.min.css?14a9f9b1ca","text/css; charset=UTF-8","200","OK","1.1","Indexable","","","",""
"https://donate.lifeusa.org/donorportal/assets/styles/salesforce-lightning-design-system.min.css?14a9f9b1ca","text/css; charset=UTF-8","200","OK","1.1","Indexable","","","",""
"https://donate.lifeusa.org/donorportal/assets/styles/dxp-styling-hooks.min.css?14a9f9b1ca","text/css; charset=UTF-8","200","OK","1.1","Indexable","","","",""
"https://donate.lifeusa.org/donorportal/webruntime/org-asset/14a9f9b1ca/resource/081Vy0000005faP","image/png","200","OK","1.1","Indexable","","","",""
"https://www.lifeusa.org/post/building-a-better-world-for-33-years","text/html; charset=UTF-8","200","OK","1.1","Indexable","","https://www.lifeusa.org/post/building-a-better-world-for-33-years","",""
"https://www.lifeusa.org/post/write-your-will-for-free-and-let-the-good-you-do-today-last-forever","text/html; charset=UTF-8","200","OK","1.1","Indexable","","https://www.lifeusa.org/post/write-your-will-for-free-and-let-the-good-you-do-today-last-forever","",""
"https://www.lifeusa.org/post/charitable-giving-an-advantage-we-never-saw-coming-from-the-one-big-beautiful-bill-act","text/html; charset=UTF-8","200","OK","1.1","Indexable","","https://www.lifeusa.org/post/charitable-giving-an-advantage-we-never-saw-coming-from-the-one-big-beautiful-bill-act","",""
"https://www.lifeusa.org/post/double-or-triple-your-donation-without-spending-more-through-life-for-relief-and-development-life","text/html; charset=UTF-8","200","OK","1.1","Indexable","","https://www.lifeusa.org/post/double-or-triple-your-donation-without-spending-more-through-life-for-relief-and-development-life","",""
"https://www.lifeusa.org/post/winter-flooding-in-gaza-leaves-families-cold-and-exhausted","text/html; charset=UTF-8","200","OK","1.1","Indexable","","https://www.lifeusa.org/post/winter-flooding-in-gaza-leaves-families-cold-and-exhausted","",""
"https://www.lifeusa.org/post/school-supplies-could-be-the-key-to-ending-poverty","text/html; charset=UTF-8","200","OK","1.1","Indexable","","https://www.lifeusa.org/post/school-supplies-could-be-the-key-to-ending-poverty","",""
"https://www.lifeusa.org/post/cold-kills-5-million-a-year-life-s-winter-aid-helps-prevent-this-tragedy","text/html; charset=UTF-8","200","OK","1.1","Indexable","","https://www.lifeusa.org/post/cold-kills-5-million-a-year-life-s-winter-aid-helps-prevent-this-tragedy","",""
"https://www.lifeusa.org/post/give-the-smart-way-stop-paying-taxes-on-stocks-and-receive-a-big-tax-deduction","text/html; charset=UTF-8","200","OK","1.1","Indexable","","https://www.lifeusa.org/post/give-the-smart-way-stop-paying-taxes-on-stocks-and-receive-a-big-tax-deduction","",""
"https://www.lifeusa.org/post/health-for-all-how-life-is-closing-the-global-healthcare-gap","text/html; charset=UTF-8","200","OK","1.1","Indexable","","https://www.lifeusa.org/post/health-for-all-how-life-is-closing-the-global-healthcare-gap","",""
"https://www.lifeusa.org/post/eid-al-adha-a-celebration-of-unity","text/html; charset=UTF-8","200","OK","1.1","Indexable","","https://www.lifeusa.org/post/eid-al-adha-a-celebration-of-unity","",""
"https://www.lifeusa.org/post/recognizing-everyday-leaders-and-heros-this-father-s-day-2025","text/html; charset=UTF-8","200","OK","1.1","Indexable","","https://www.lifeusa.org/post/recognizing-everyday-leaders-and-heros-this-father-s-day-2025","",""
"https://www.lifeusa.org/post/she-was-buried-underground-for-13-years-then-she-heard-the-ocean","text/html; charset=UTF-8","200","OK","1.1","Indexable","","https://www.lifeusa.org/post/she-was-buried-underground-for-13-years-then-she-heard-the-ocean","",""
"https://www.lifeusa.org/post/when-the-guadalupe-river-roared-texas-tested-with-devastation-and-loss","text/html; charset=UTF-8","200","OK","1.1","Indexable","","https://www.lifeusa.org/post/when-the-guadalupe-river-roared-texas-tested-with-devastation-and-loss","",""
"https://www.lifeusa.org/post/the-hidden-price-tag-of-fast-fashion-and-how-life-is-offering-sustainable-solutions-you-can-support","text/html; charset=UTF-8","200","OK","1.1","Indexable","","https://www.lifeusa.org/post/the-hidden-price-tag-of-fast-fashion-and-how-life-is-offering-sustainable-solutions-you-can-support","",""
"https://www.lifeusa.org/post/ramadan-a-place-for-everyone","text/html; charset=UTF-8","200","OK","1.1","Indexable","","https://www.lifeusa.org/post/ramadan-a-place-for-everyone","",""
"https://www.lifeusa.org/post/a-step-by-step-guide-on-how-to-participate-in-ramadan","text/html; charset=UTF-8","200","OK","1.1","Indexable","","https://www.lifeusa.org/post/a-step-by-step-guide-on-how-to-participate-in-ramadan","",""
"https://www.lifeusa.org/post/sick-kids-with-no-medicine-in-sight-how-life-is-restoring-healthcare-access-in-africa","text/html; charset=UTF-8","200","OK","1.1","Indexable","","https://www.lifeusa.org/post/sick-kids-with-no-medicine-in-sight-how-life-is-restoring-healthcare-access-in-africa","",""
"https://www.lifeusa.org/post/as-middle-east-tensions-rise-families-face-uncertainty-and-compassion-matters-more","text/html; charset=UTF-8","200","OK","1.1","Indexable","","https://www.lifeusa.org/post/as-middle-east-tensions-rise-families-face-uncertainty-and-compassion-matters-more","",""
"https://www.lifeusa.org/post/millions-hungry-and-displaced-why-the-sudan-crisis-requires-immediate-action","text/html; charset=UTF-8","200","OK","1.1","Indexable","","https://www.lifeusa.org/post/millions-hungry-and-displaced-why-the-sudan-crisis-requires-immediate-action","",""
"https://www.lifeusa.org/post/ceasefire-in-gaza-understanding-the-gaza-peace-deal-and-what-lies-ahead","text/html; charset=UTF-8","200","OK","1.1","Indexable","","https://www.lifeusa.org/post/ceasefire-in-gaza-understanding-the-gaza-peace-deal-and-what-lies-ahead","",""
"https://www.lifeusa.org/post/maximize-your-tax-write-off-with-charitable-giving-apps","text/html; charset=UTF-8","200","OK","1.1","Indexable","","https://www.lifeusa.org/post/maximize-your-tax-write-off-with-charitable-giving-apps","",""
"https://www.lifeusa.org/post/when-life-becomes-art-finding-flow-purpose-and-the-joy-of-giving","text/html; charset=UTF-8","200","OK","1.1","Indexable","","https://www.lifeusa.org/post/when-life-becomes-art-finding-flow-purpose-and-the-joy-of-giving","",""
"https://www.lifeusa.org/post/how-violence-and-war-affect-children-worldwide-and-how-you-can-help","text/html; charset=UTF-8","200","OK","1.1","Indexable","","https://www.lifeusa.org/post/how-violence-and-war-affect-children-worldwide-and-how-you-can-help","",""
"https://www.lifeusa.org/post/what-happens-when-you-can-t-see-in-a-refugee-camp","text/html; charset=UTF-8","200","OK","1.1","Indexable","","https://www.lifeusa.org/post/what-happens-when-you-can-t-see-in-a-refugee-camp","",""
"https://www.lifeusa.org/post/the-challenges-humanitarian-organizations-face-after-conflict-ends","text/html; charset=UTF-8","200","OK","1.1","Indexable","","https://www.lifeusa.org/post/the-challenges-humanitarian-organizations-face-after-conflict-ends","",""
"https://www.lifeusa.org/post/the-power-of-listening-and-how-to-harness-it","text/html; charset=UTF-8","200","OK","1.1","Indexable","","https://www.lifeusa.org/post/the-power-of-listening-and-how-to-harness-it","",""
"https://www.lifeusa.org/post/monsoon-flood-in-northern-pakistan-takes-everything-from-villagers-life-usa-helps-families-rebuild","text/html; charset=UTF-8","200","OK","1.1","Indexable","","https://www.lifeusa.org/post/monsoon-flood-in-northern-pakistan-takes-everything-from-villagers-life-usa-helps-families-rebuild","",""
"https://www.lifeusa.org/post/life-s-orphan-sponsorships-keep-children-warm-and-in-school-during-the-winter-months-in-pakistan","text/html; charset=UTF-8","200","OK","1.1","Indexable","","https://www.lifeusa.org/post/life-s-orphan-sponsorships-keep-children-warm-and-in-school-during-the-winter-months-in-pakistan","",""
"https://www.lifeusa.org/post/life-supports-mothers-and-orphans-in-gaza-with-critical-baby-formula-and-other-essentials","text/html; charset=UTF-8","200","OK","1.1","Indexable","","https://www.lifeusa.org/post/life-supports-mothers-and-orphans-in-gaza-with-critical-baby-formula-and-other-essentials","",""
"https://www.lifeusa.org/post/hope-returns-to-the-classroom-through-life-for-relief-and-development-life-s-orphan-sponsorship-in","text/html; charset=UTF-8","200","OK","1.1","Indexable","","https://www.lifeusa.org/post/hope-returns-to-the-classroom-through-life-for-relief-and-development-life-s-orphan-sponsorship-in","",""
"https://www.lifeusa.org/post/with-life-water-wells-comes-a-renewed-stability-and-health-for-1-800-people-in-niger","text/html; charset=UTF-8","200","OK","1.1","Indexable","","https://www.lifeusa.org/post/with-life-water-wells-comes-a-renewed-stability-and-health-for-1-800-people-in-niger","",""
"https://www.lifeusa.org/post/in-a-tanzanian-village-water-finally-flows-close-to-home","text/html; charset=UTF-8","200","OK","1.1","Indexable","","https://www.lifeusa.org/post/in-a-tanzanian-village-water-finally-flows-close-to-home","",""
"https://www.lifeusa.org/post/life-continues-saving-lives-in-gaza-as-emergency-food-and-water-relief-reaches-thousands","text/html; charset=UTF-8","200","OK","1.1","Indexable","","https://www.lifeusa.org/post/life-continues-saving-lives-in-gaza-as-emergency-food-and-water-relief-reaches-thousands","",""
"https://www.lifeusa.org/post/life-supporting-orphans-families-gaza","text/html; charset=UTF-8","200","OK","1.1","Indexable","","https://www.lifeusa.org/post/life-supporting-orphans-families-gaza","",""
"https://www.lifeusa.org/post/fighting-hunger-in-somalia-life-for-relief-and-development-life-s-food-distribution-reaches-displ","text/html; charset=UTF-8","200","OK","1.1","Indexable","","https://www.lifeusa.org/post/fighting-hunger-in-somalia-life-for-relief-and-development-life-s-food-distribution-reaches-displ","",""
"https://www.lifeusa.org/post/life-for-relief-and-development-life-usa-restores-shelter-and-safety-for-8-050-displaced-individua","text/html; charset=UTF-8","200","OK","1.1","Indexable","","https://www.lifeusa.org/post/life-for-relief-and-development-life-usa-restores-shelter-and-safety-for-8-050-displaced-individua","",""
"https://www.lifeusa.org/post/new-solar-powered-water-wells-bring-clean-water-to-3-300-people-in-pakistan","text/html; charset=UTF-8","200","OK","1.1","Indexable","","https://www.lifeusa.org/post/new-solar-powered-water-wells-bring-clean-water-to-3-300-people-in-pakistan","",""
"https://www.lifeusa.org/post/life-provides-medical-student-scholarships-in-the-west-bank","text/html; charset=UTF-8","200","OK","1.1","Indexable","","https://www.lifeusa.org/post/life-provides-medical-student-scholarships-in-the-west-bank","",""
"https://www.lifeusa.org/post/life-for-relief-and-development-protects-5-000-children-from-harsh-winter-conditions-in-gaza","text/html; charset=UTF-8","200","OK","1.1","Indexable","","https://www.lifeusa.org/post/life-for-relief-and-development-protects-5-000-children-from-harsh-winter-conditions-in-gaza","",""
"https://www.lifeusa.org/post/life-for-relief-and-development-sustains-higher-education-in-syria","text/html; charset=UTF-8","200","OK","1.1","Indexable","","https://www.lifeusa.org/post/life-for-relief-and-development-sustains-higher-education-in-syria","",""
"https://www.lifeusa.org/post/over-1-000-orphans-across-jordan-uplifted-through-life-sponsorship-program","text/html; charset=UTF-8","200","OK","1.1","Indexable","","https://www.lifeusa.org/post/over-1-000-orphans-across-jordan-uplifted-through-life-sponsorship-program","",""
"https://www.lifeusa.org/post/life-for-relief-and-development-life-delivers-emergency-food-and-water-assistance-in-gaza-through","text/html; charset=UTF-8","200","OK","1.1","Indexable","","https://www.lifeusa.org/post/life-for-relief-and-development-life-delivers-emergency-food-and-water-assistance-in-gaza-through","",""
"https://www.lifeusa.org/_files/ugd/6df904_7fbabf427ae34683a608c7f617b5d4d0.pdf","application/pdf","200","OK","1.1","Non-Indexable","noindex","","","noindex, nofollow"
"https://www.lifeusa.org/post/water-stops-being-a-daily-worry-for-two-communities-in-nepal","text/html; charset=UTF-8","200","OK","1.1","Indexable","","https://www.lifeusa.org/post/water-stops-being-a-daily-worry-for-two-communities-in-nepal","",""
"https://www.lifeusa.org/no/tags/chicago","text/html; charset=UTF-8","200","OK","1.1","Non-Indexable","noindex","https://www.lifeusa.org/no/tags/chicago","noindex",""
"https://www.lifeusa.org/no/tags/usa","text/html; charset=UTF-8","200","OK","1.1","Non-Indexable","noindex","https://www.lifeusa.org/no/tags/usa","noindex",""
"https://www.lifeusa.org/no/tags/philanthropy","text/html; charset=UTF-8","200","OK","1.1","Non-Indexable","noindex","https://www.lifeusa.org/no/tags/philanthropy","noindex",""
"https://www.lifeusa.org/no/tags/canada","text/html; charset=UTF-8","200","OK","1.1","Non-Indexable","noindex","https://www.lifeusa.org/no/tags/canada","noindex",""
"https://www.lifeusa.org/no/hashtags/butterflyeffect","text/html; charset=UTF-8","200","OK","1.1","Non-Indexable","noindex","https://www.lifeusa.org/no/hashtags/butterflyeffect","noindex",""
"https://www.lifeusa.org/no/tags/life-blog","text/html; charset=UTF-8","200","OK","1.1","Non-Indexable","noindex","https://www.lifeusa.org/no/tags/life-blog","noindex",""
"https://www.lifeusa.org/no/tags/england","text/html; charset=UTF-8","200","OK","1.1","Non-Indexable","noindex","https://www.lifeusa.org/no/tags/england","noindex",""
"https://www.lifeusa.org/no/tags/colorado","text/html; charset=UTF-8","200","OK","1.1","Non-Indexable","noindex","https://www.lifeusa.org/no/tags/colorado","noindex",""
"https://www.lifeusa.org/no/tags/charity","text/html; charset=UTF-8","200","OK","1.1","Non-Indexable","noindex","https://www.lifeusa.org/no/tags/charity","noindex",""
"https://www.lifeusa.org/no/tags/maryland","text/html; charset=UTF-8","200","OK","1.1","Non-Indexable","noindex","https://www.lifeusa.org/no/tags/maryland","noindex",""
"https://www.lifeusa.org/no/tags/nyc","text/html; charset=UTF-8","200","OK","1.1","Non-Indexable","noindex","https://www.lifeusa.org/no/tags/nyc","noindex",""
"https://donate.lifeusa.org/donorportal/assets/styles/dxp-slds-extensions.min.css?9f8d82666d","text/css; charset=UTF-8","200","OK","1.1","Indexable","","","",""
"https://donate.lifeusa.org/donorportal/assets/styles/salesforce-lightning-design-system.min.css?9f8d82666d","text/css; charset=UTF-8","200","OK","1.1","Indexable","","","",""
"https://donate.lifeusa.org/donorportal/assets/styles/dxp-styling-hooks.min.css?9f8d82666d","text/css; charset=UTF-8","200","OK","1.1","Indexable","","","",""
"https://donate.lifeusa.org/donorportal/assets/styles/dxp-site-spacing-styling-hooks.min.css?9f8d82666d","text/css; charset=UTF-8","200","OK","1.1","Indexable","","","",""
"https://donate.lifeusa.org/donorportal/webruntime/org-asset/9f8d82666d/resource/081Vy0000005faQ/flag-icons-7.5.0/css/flag-icons.min.css","text/css","200","OK","1.1","Indexable","","","",""
"https://donate.lifeusa.org/donorportal/webruntime/org-asset/9f8d82666d/resource/081Vy0000005faP","image/png","200","OK","1.1","Indexable","","","",""
"https://www.lifeusa.org/ukrainerelief","text/html; charset=UTF-8","200","OK","1.1","Indexable","","https://www.lifeusa.org/ukrainerelief","",""
"https://www.lifeusa.org/_files/ugd/6df904_162824fa1d0a4231b25669e678d3a730.pdf","application/pdf","200","OK","1.1","Non-Indexable","noindex","","","noindex, nofollow"
"https://www.lifeusa.org/_files/ugd/6df904_441a61c7f7c94af999a07aedad1b019f.pdf","application/pdf","200","OK","1.1","Non-Indexable","noindex","","","noindex, nofollow"
"https://www.lifeusa.org/_files/ugd/6df904_007cd0c2d319457b851b407933ef9a6b.pdf","application/pdf","200","OK","1.1","Non-Indexable","noindex","","","noindex, nofollow"
"https://www.lifeusa.org/_files/ugd/6df904_9f9c3694c0d844338df533a35a57ef84.pdf","application/pdf","200","OK","1.1","Non-Indexable","noindex","","","noindex, nofollow"
"https://donate.lifeusa.org/donorportal/assets/styles/dxp-styling-hooks.min.css?d3ae3bad35","text/css; charset=UTF-8","200","OK","1.1","Indexable","","","",""
"https://donate.lifeusa.org/donorportal/assets/styles/dxp-site-spacing-styling-hooks.min.css?d3ae3bad35","text/css; charset=UTF-8","200","OK","1.1","Indexable","","","",""
"https://donate.lifeusa.org/donorportal/assets/styles/salesforce-lightning-design-system.min.css?d3ae3bad35","text/css; charset=UTF-8","200","OK","1.1","Indexable","","","",""
"https://donate.lifeusa.org/donorportal/webruntime/org-asset/d3ae3bad35/resource/081Vy0000005faQ/flag-icons-7.5.0/css/flag-icons.min.css","text/css","200","OK","1.1","Indexable","","","",""
"https://donate.lifeusa.org/donorportal/assets/styles/dxp-slds-extensions.min.css?d3ae3bad35","text/css; charset=UTF-8","200","OK","1.1","Indexable","","","",""
"https://donate.lifeusa.org/donorportal/webruntime/org-asset/d3ae3bad35/resource/081Vy0000005faP","image/png","200","OK","1.1","Indexable","","","",""
"https://www.lifeusa.org/post/clean-water-restored-through-life-for-relief-and-development-life-s-water-well-projects-in-sierra","text/html; charset=UTF-8","200","OK","1.1","Indexable","","https://www.lifeusa.org/post/clean-water-restored-through-life-for-relief-and-development-life-s-water-well-projects-in-sierra","",""
"https://www.lifeusa.org/post/clean-water-new-possibilities-through-life-for-relief-and-development-life-s-water-well-projects","text/html; charset=UTF-8","200","OK","1.1","Indexable","","https://www.lifeusa.org/post/clean-water-new-possibilities-through-life-for-relief-and-development-life-s-water-well-projects","",""
"https://www.lifeusa.org/post/life-for-relief-and-development-life-s-orphan-sponsorship-supports-152-children-in-indonesia","text/html; charset=UTF-8","200","OK","1.1","Indexable","","https://www.lifeusa.org/post/life-for-relief-and-development-life-s-orphan-sponsorship-supports-152-children-in-indonesia","",""
"https://www.lifeusa.org/post/clean-water-for-students-as-life-for-relief-and-development-life-installs-solar-water-wells-in-pak","text/html; charset=UTF-8","200","OK","1.1","Indexable","","https://www.lifeusa.org/post/clean-water-for-students-as-life-for-relief-and-development-life-installs-solar-water-wells-in-pak","",""
"https://www.lifeusa.org/post/life-builds-five-clean-water-projects-across-two-regions-in-myanmar","text/html; charset=UTF-8","200","OK","1.1","Indexable","","https://www.lifeusa.org/post/life-builds-five-clean-water-projects-across-two-regions-in-myanmar","",""
"https://www.lifeusa.org/_files/ugd/6df904_3dfee7544a3e45c6a18151355679d69b.pdf","application/pdf","200","OK","1.1","Non-Indexable","noindex","","","noindex, nofollow"
"https://www.lifeusa.org/_files/ugd/6df904_fdbf1a16338846c4a02c1ddf431f5279.pdf","application/pdf","200","OK","1.1","Non-Indexable","noindex","","","noindex, nofollow"
"https://www.lifeusa.org/_files/ugd/6df904_535e4547bf0545a2a9162f12a3b73a98.pdf","application/pdf","200","OK","1.1","Non-Indexable","noindex","","","noindex, nofollow"
"https://www.lifeusa.org/_files/ugd/6df904_6486047cd4fe4d589aff8e22b0f14e99.pdf","application/pdf","200","OK","1.1","Non-Indexable","noindex","","","noindex, nofollow"
"https://www.lifeusa.org/_files/ugd/6df904_f13eaf2545ae43009c3e171743dfe747.pdf","application/pdf","200","OK","1.1","Non-Indexable","noindex","","","noindex, nofollow"
"https://www.lifeusa.org/_files/ugd/6df904_f974ecb3149c4e8cb13dbc8ed447a49a.pdf","application/pdf","200","OK","1.1","Non-Indexable","noindex","","","noindex, nofollow"
"https://www.lifeusa.org/_files/ugd/6df904_1ddc755082ef49bb909f2aa7dbf9a1c1.pdf","application/pdf","200","OK","1.1","Non-Indexable","noindex","","","noindex, nofollow"
"https://www.lifeusa.org/_files/ugd/6df904_7b1019b4e72d4da39acec3132eb89454.pdf","application/pdf","200","OK","1.1","Non-Indexable","noindex","","","noindex, nofollow"
"https://www.lifeusa.org/_files/ugd/6df904_e2671b6a5cfa4bd0a35bcb61e28353aa.pdf","application/pdf","200","OK","1.1","Non-Indexable","noindex","","","noindex, nofollow"
"https://www.lifeusa.org/_files/ugd/6df904_bbb8e9ad3505406b926cb0eda852c599.pdf","application/pdf","200","OK","1.1","Non-Indexable","noindex","","","noindex, nofollow"
"https://www.lifeusa.org/_files/ugd/6df904_a136a878af8a4d46ace9b06e3416685b.pdf","application/pdf","200","OK","1.1","Non-Indexable","noindex","","","noindex, nofollow"
"https://www.lifeusa.org/_files/ugd/6df904_e66c780078bd43c786b3ad629e3bc469.pdf","application/pdf","200","OK","1.1","Non-Indexable","noindex","","","noindex, nofollow"
"https://www.lifeusa.org/_files/ugd/6df904_edf6e91aa73d4e45a6e7649e0395de0b.pdf","application/pdf","200","OK","1.1","Non-Indexable","noindex","","","noindex, nofollow"
"https://www.lifeusa.org/_files/ugd/6df904_dd53ebe83bc34c9d9b90dfd62e069406.pdf","application/pdf","200","OK","1.1","Non-Indexable","noindex","","","noindex, nofollow"
"https://www.lifeusa.org/_files/ugd/6df904_6e2ea6112dcf4907b3cafee15ed9802e.pdf","application/pdf","200","OK","1.1","Non-Indexable","noindex","","","noindex, nofollow"
"https://www.lifeusa.org/_files/ugd/6df904_76f4bf9a37e14e32bb774a790c321fc6.pdf","application/pdf","200","OK","1.1","Non-Indexable","noindex","","","noindex, nofollow"
"https://www.lifeusa.org/_files/ugd/6df904_a85aa809193545108cdc16535b6493b9.pdf","application/pdf","200","OK","1.1","Non-Indexable","noindex","","","noindex, nofollow"
"https://www.lifeusa.org/_files/ugd/6df904_8dafc192b5aa4cb6a7ed1b63336c3078.pdf","application/pdf","200","OK","1.1","Non-Indexable","noindex","","","noindex, nofollow"
"https://www.lifeusa.org/winterrelief","text/html; charset=UTF-8","200","OK","1.1","Indexable","","https://www.lifeusa.org/winterrelief","",""
"https://www.lifeusa.org/sudan-emergency-relief","text/html; charset=UTF-8","200","OK","1.1","Indexable","","https://www.lifeusa.org/sudan-emergency-relief","",""
"https://www.lifeusa.org/no/tags/ukraine","text/html; charset=UTF-8","200","OK","1.1","Non-Indexable","noindex","https://www.lifeusa.org/no/tags/ukraine","noindex",""
"https://www.lifeusa.org/no/tags/orphans","text/html; charset=UTF-8","200","OK","1.1","Non-Indexable","noindex","https://www.lifeusa.org/no/tags/orphans","noindex",""
"https://www.lifeusa.org/no/tags/palestine","text/html; charset=UTF-8","200","OK","1.1","Non-Indexable","noindex","https://www.lifeusa.org/no/tags/palestine","noindex",""
"https://www.lifeusa.org/no/tags/orphan-sponsorship","text/html; charset=UTF-8","200","OK","1.1","Non-Indexable","noindex","https://www.lifeusa.org/no/tags/orphan-sponsorship","noindex",""
"https://www.lifeusa.org/no/tags/syria-1","text/html; charset=UTF-8","200","OK","1.1","Non-Indexable","noindex","https://www.lifeusa.org/no/tags/syria-1","noindex",""
"https://www.lifeusa.org/no/tags/war","text/html; charset=UTF-8","200","OK","1.1","Non-Indexable","noindex","https://www.lifeusa.org/no/tags/war","noindex",""
"https://www.lifeusa.org/no/tags/children","text/html; charset=UTF-8","200","OK","1.1","Non-Indexable","noindex","https://www.lifeusa.org/no/tags/children","noindex",""
"https://www.lifeusa.org/no/tags/refugee","text/html; charset=UTF-8","200","OK","1.1","Non-Indexable","noindex","https://www.lifeusa.org/no/tags/refugee","noindex",""
"https://www.lifeusa.org/post/life-hears-the-call-in-colorado","text/html; charset=UTF-8","200","OK","1.1","Indexable","","https://www.lifeusa.org/post/life-hears-the-call-in-colorado","",""
"https://www.lifeusa.org/post/life-distributes-fresh-meat-in-texas","text/html; charset=UTF-8","200","OK","1.1","Indexable","","https://www.lifeusa.org/post/life-distributes-fresh-meat-in-texas","",""
"https://www.lifeusa.org/post/hearing-the-call-southwest-florida","text/html; charset=UTF-8","200","OK","1.1","Indexable","","https://www.lifeusa.org/post/hearing-the-call-southwest-florida","",""
"https://www.lifeusa.org/post/life-provides-backpacks-to-foster-youth-in-the-united-states","text/html; charset=UTF-8","200","OK","1.1","Indexable","","https://www.lifeusa.org/post/life-provides-backpacks-to-foster-youth-in-the-united-states","",""
"https://www.lifeusa.org/post/refugee-asylum-seeker-immigrant-and-migrant-what-s-the-difference","text/html; charset=UTF-8","200","OK","1.1","Indexable","","https://www.lifeusa.org/post/refugee-asylum-seeker-immigrant-and-migrant-what-s-the-difference","",""
"https://www.lifeusa.org/post/the-biggest-charitable-contributions-in-the-u-s-2023","text/html; charset=UTF-8","200","OK","1.1","Indexable","","https://www.lifeusa.org/post/the-biggest-charitable-contributions-in-the-u-s-2023","",""
"https://www.lifeusa.org/post/a-summer-of-forest-fires","text/html; charset=UTF-8","200","OK","1.1","Indexable","","https://www.lifeusa.org/post/a-summer-of-forest-fires","",""
"https://www.lifeusa.org/post/queen-elizabeth-ii-a-lifetime-of-charity","text/html; charset=UTF-8","200","OK","1.1","Indexable","","https://www.lifeusa.org/post/queen-elizabeth-ii-a-lifetime-of-charity","",""
"https://www.lifeusa.org/post/food-packages-maryland","text/html; charset=UTF-8","200","OK","1.1","Indexable","","https://www.lifeusa.org/post/food-packages-maryland","",""
"https://www.lifeusa.org/post/making-houses-into-homes","text/html; charset=UTF-8","200","OK","1.1","Indexable","","https://www.lifeusa.org/post/making-houses-into-homes","",""
"https://donate.lifeusa.org/donorportal/assets/styles/dxp-styling-hooks.min.css?f6b4f84250","text/css; charset=UTF-8","200","OK","1.1","Indexable","","","",""
"https://donate.lifeusa.org/donorportal/assets/styles/dxp-site-spacing-styling-hooks.min.css?f6b4f84250","text/css; charset=UTF-8","200","OK","1.1","Indexable","","","",""
"https://www.lifeusa.org/post/hearing-for-the-first-time-in-years","text/html; charset=UTF-8","200","OK","1.1","Indexable","","https://www.lifeusa.org/post/hearing-for-the-first-time-in-years","",""
"https://donate.lifeusa.org/donorportal/webruntime/org-asset/f6b4f84250/resource/081Vy0000005faP","image/png","200","OK","1.1","Indexable","","","",""
"https://donate.lifeusa.org/donorportal/assets/styles/dxp-slds-extensions.min.css?f6b4f84250","text/css; charset=UTF-8","200","OK","1.1","Indexable","","","",""
"https://donate.lifeusa.org/donorportal/assets/styles/salesforce-lightning-design-system.min.css?f6b4f84250","text/css; charset=UTF-8","200","OK","1.1","Indexable","","","",""
"https://donate.lifeusa.org/donorportal/webruntime/org-asset/f6b4f84250/resource/081Vy0000005faQ/flag-icons-7.5.0/css/flag-icons.min.css","text/css","200","OK","1.1","Indexable","","","",""
"https://www.lifeusa.org/post/hearing-aids-colorado","text/html; charset=UTF-8","200","OK","1.1","Indexable","","https://www.lifeusa.org/post/hearing-aids-colorado","",""
"https://www.lifeusa.org/gaza","text/html; charset=UTF-8","200","OK","1.1","Indexable","","https://www.lifeusa.org/gaza","",""
"https://www.lifeusa.org/post/life-distributes-water-tanks-to-families-in-the-gaza-strip","text/html; charset=UTF-8","200","OK","1.1","Indexable","","https://www.lifeusa.org/post/life-distributes-water-tanks-to-families-in-the-gaza-strip","",""
"https://www.lifeusa.org/post/the-crucial-role-of-humanitarian-organizations-in-conflict-zones","text/html; charset=UTF-8","200","OK","1.1","Indexable","","https://www.lifeusa.org/post/the-crucial-role-of-humanitarian-organizations-in-conflict-zones","",""
"https://www.lifeusa.org/post/life-continues-to-provide-emergency-aid-in-gaza","text/html; charset=UTF-8","200","OK","1.1","Indexable","","https://www.lifeusa.org/post/life-continues-to-provide-emergency-aid-in-gaza","",""
"https://www.lifeusa.org/post/the-world-in-crisis-supporting-from-the-sidelines","text/html; charset=UTF-8","200","OK","1.1","Indexable","","https://www.lifeusa.org/post/the-world-in-crisis-supporting-from-the-sidelines","",""
"https://www.lifeusa.org/post/it-s-okay-to-cry-the-ukrainian-refugee-mental-health-crisis","text/html; charset=UTF-8","200","OK","1.1","Indexable","","https://www.lifeusa.org/post/it-s-okay-to-cry-the-ukrainian-refugee-mental-health-crisis","",""
"https://www.lifeusa.org/post/walk-532-59-miles-in-the-shoes-of-a-ukrainian-refugee","text/html; charset=UTF-8","200","OK","1.1","Indexable","","https://www.lifeusa.org/post/walk-532-59-miles-in-the-shoes-of-a-ukrainian-refugee","",""
"https://www.lifeusa.org/post/let-them-play-life-gives-every-child-a-chance-to-be-a-child-at-the-global-orphan-eid-parties","text/html; charset=UTF-8","200","OK","1.1","Indexable","","https://www.lifeusa.org/post/let-them-play-life-gives-every-child-a-chance-to-be-a-child-at-the-global-orphan-eid-parties","",""
"https://www.lifeusa.org/post/life-provides-emergency-relief-to-gaza","text/html; charset=UTF-8","200","OK","1.1","Indexable","","https://www.lifeusa.org/post/life-provides-emergency-relief-to-gaza","",""
"https://www.lifeusa.org/post/a-4-year-old-s-bravery-in-gaza-ahmad-s-story","text/html; charset=UTF-8","200","OK","1.1","Indexable","","https://www.lifeusa.org/post/a-4-year-old-s-bravery-in-gaza-ahmad-s-story","",""
"https://www.lifeusa.org/post/life-provides-emergency-relief-to-gaza-1","text/html; charset=UTF-8","200","OK","1.1","Indexable","","https://www.lifeusa.org/post/life-provides-emergency-relief-to-gaza-1","",""
"https://www.lifeusa.org/post/gaza-s-daily-bread-life-provides-relief-to-innocent-civilians","text/html; charset=UTF-8","200","OK","1.1","Indexable","","https://www.lifeusa.org/post/gaza-s-daily-bread-life-provides-relief-to-innocent-civilians","",""
"https://www.lifeusa.org/post/who-will-watch-over-the-orphans-of-gaza","text/html; charset=UTF-8","200","OK","1.1","Indexable","","https://www.lifeusa.org/post/who-will-watch-over-the-orphans-of-gaza","",""
"https://www.lifeusa.org/post/aiding-in-gaza-s-shelter-crisis","text/html; charset=UTF-8","200","OK","1.1","Indexable","","https://www.lifeusa.org/post/aiding-in-gaza-s-shelter-crisis","",""
"https://www.lifeusa.org/post/the-leading-causes-of-orphans-today","text/html; charset=UTF-8","200","OK","1.1","Indexable","","https://www.lifeusa.org/post/the-leading-causes-of-orphans-today","",""
"https://www.lifeusa.org/post/life-for-relief-and-development-life-ambulance-and-distributed-aid-save-countless-lives-after-airs","text/html; charset=UTF-8","200","OK","1.1","Indexable","","https://www.lifeusa.org/post/life-for-relief-and-development-life-ambulance-and-distributed-aid-save-countless-lives-after-airs","",""
"https://www.lifeusa.org/post/what-causes-earthquakes-and-how-they-affect-people","text/html; charset=UTF-8","200","OK","1.1","Indexable","","https://www.lifeusa.org/post/what-causes-earthquakes-and-how-they-affect-people","",""
"https://www.lifeusa.org/post/no-assistance-in-their-time-of-need","text/html; charset=UTF-8","200","OK","1.1","Indexable","","https://www.lifeusa.org/post/no-assistance-in-their-time-of-need","",""
"https://www.lifeusa.org/post/life-s-education-initiatives-in-syria-generate-positive-outcomes-in-enrollment-and-graduation-rate-t","text/html; charset=UTF-8","200","OK","1.1","Indexable","","https://www.lifeusa.org/post/life-s-education-initiatives-in-syria-generate-positive-outcomes-in-enrollment-and-graduation-rate-t","",""
"https://www.lifeusa.org/post/3-inspiring-ways-to-give-back-to-refugees-this-year","text/html; charset=UTF-8","200","OK","1.1","Indexable","","https://www.lifeusa.org/post/3-inspiring-ways-to-give-back-to-refugees-this-year","",""
"https://www.lifeusa.org/post/life-promotes-integrative-healthcare-for-rohingya-refugees-with-the-launch-of-vital-eye-care-clinic","text/html; charset=UTF-8","200","OK","1.1","Indexable","","https://www.lifeusa.org/post/life-promotes-integrative-healthcare-for-rohingya-refugees-with-the-launch-of-vital-eye-care-clinic","",""
"https://www.lifeusa.org/no/tags/mental-health","text/html; charset=UTF-8","200","OK","1.1","Non-Indexable","noindex","https://www.lifeusa.org/no/tags/mental-health","noindex",""
"https://www.lifeusa.org/no/tags/afghanistan","text/html; charset=UTF-8","200","OK","1.1","Non-Indexable","noindex","https://www.lifeusa.org/no/tags/afghanistan","noindex",""
"https://www.lifeusa.org/no/tags/earthquake","text/html; charset=UTF-8","200","OK","1.1","Non-Indexable","noindex","https://www.lifeusa.org/no/tags/earthquake","noindex",""
"https://www.lifeusa.org/no/tags/emergency-relief","text/html; charset=UTF-8","200","OK","1.1","Non-Indexable","noindex","https://www.lifeusa.org/no/tags/emergency-relief","noindex",""
"https://www.lifeusa.org/no/tags/gaza-1","text/html; charset=UTF-8","200","OK","1.1","Non-Indexable","noindex","https://www.lifeusa.org/no/tags/gaza-1","noindex",""
"https://www.lifeusa.org/no/tags/water-tanks","text/html; charset=UTF-8","200","OK","1.1","Non-Indexable","noindex","https://www.lifeusa.org/no/tags/water-tanks","noindex",""
"https://www.lifeusa.org/no/tags/community-development","text/html; charset=UTF-8","200","OK","1.1","Non-Indexable","noindex","https://www.lifeusa.org/no/tags/community-development","noindex",""
"https://www.lifeusa.org/no/tags/food-baskets","text/html; charset=UTF-8","200","OK","1.1","Non-Indexable","noindex","https://www.lifeusa.org/no/tags/food-baskets","noindex",""
"https://www.lifeusa.org/no/tags/queen-elizabeth","text/html; charset=UTF-8","200","OK","1.1","Non-Indexable","noindex","https://www.lifeusa.org/no/tags/queen-elizabeth","noindex",""
"https://www.lifeusa.org/no/tags/fire","text/html; charset=UTF-8","200","OK","1.1","Non-Indexable","noindex","https://www.lifeusa.org/no/tags/fire","noindex",""
"https://www.lifeusa.org/no/tags/forest-fire","text/html; charset=UTF-8","200","OK","1.1","Non-Indexable","noindex","https://www.lifeusa.org/no/tags/forest-fire","noindex",""
"https://www.lifeusa.org/no/tags/amazon","text/html; charset=UTF-8","200","OK","1.1","Non-Indexable","noindex","https://www.lifeusa.org/no/tags/amazon","noindex",""
"https://www.lifeusa.org/no/tags/jeff-bezos","text/html; charset=UTF-8","200","OK","1.1","Non-Indexable","noindex","https://www.lifeusa.org/no/tags/jeff-bezos","noindex",""
"https://www.lifeusa.org/no/tags/bill-gates","text/html; charset=UTF-8","200","OK","1.1","Non-Indexable","noindex","https://www.lifeusa.org/no/tags/bill-gates","noindex",""
"https://www.lifeusa.org/no/tags/refugee-assistance","text/html; charset=UTF-8","200","OK","1.1","Non-Indexable","noindex","https://www.lifeusa.org/no/tags/refugee-assistance","noindex",""
"https://www.lifeusa.org/no/tags/back-to-school","text/html; charset=UTF-8","200","OK","1.1","Non-Indexable","noindex","https://www.lifeusa.org/no/tags/back-to-school","noindex",""
"https://www.lifeusa.org/no/tags/florida","text/html; charset=UTF-8","200","OK","1.1","Non-Indexable","noindex","https://www.lifeusa.org/no/tags/florida","noindex",""
"https://www.lifeusa.org/no/tags/hearing-aids","text/html; charset=UTF-8","200","OK","1.1","Non-Indexable","noindex","https://www.lifeusa.org/no/tags/hearing-aids","noindex",""
"https://www.lifeusa.org/no/tags/texas","text/html; charset=UTF-8","200","OK","1.1","Non-Indexable","noindex","https://www.lifeusa.org/no/tags/texas","noindex",""
"https://www.lifeusa.org/no/tags/rohingya","text/html; charset=UTF-8","200","OK","1.1","Non-Indexable","noindex","https://www.lifeusa.org/no/tags/rohingya","noindex",""
"https://www.lifeusa.org/no/tags/health","text/html; charset=UTF-8","200","OK","1.1","Non-Indexable","noindex","https://www.lifeusa.org/no/tags/health","noindex",""
"https://www.lifeusa.org/no/tags/bangladesh-1","text/html; charset=UTF-8","200","OK","1.1","Non-Indexable","noindex","https://www.lifeusa.org/no/tags/bangladesh-1","noindex",""
"https://www.lifeusa.org/no/tags/education","text/html; charset=UTF-8","200","OK","1.1","Non-Indexable","noindex","https://www.lifeusa.org/no/tags/education","noindex",""
"https://www.lifeusa.org/no/tags/life-for-relief-and-development-usa","text/html; charset=UTF-8","200","OK","1.1","Non-Indexable","noindex","https://www.lifeusa.org/no/tags/life-for-relief-and-development-usa","noindex",""
"https://www.lifeusa.org/no/tags/turkey","text/html; charset=UTF-8","200","OK","1.1","Non-Indexable","noindex","https://www.lifeusa.org/no/tags/turkey","noindex",""
"https://www.lifeusa.org/no/tags/jordan","text/html; charset=UTF-8","200","OK","1.1","Non-Indexable","noindex","https://www.lifeusa.org/no/tags/jordan","noindex",""
"https://www.lifeusa.org/post/creating-beautiful-tomorrows-in-orphans-today","text/html; charset=UTF-8","200","OK","1.1","Indexable","","https://www.lifeusa.org/post/creating-beautiful-tomorrows-in-orphans-today","",""
"https://www.lifeusa.org/post/life-distributes-udhiyah-meat-in-jordan","text/html; charset=UTF-8","200","OK","1.1","Indexable","","https://www.lifeusa.org/post/life-distributes-udhiyah-meat-in-jordan","",""
"https://www.lifeusa.org/post/life-s-orphan-sponsorship-program-in-lebanon-and-jordan","text/html; charset=UTF-8","200","OK","1.1","Indexable","","https://www.lifeusa.org/post/life-s-orphan-sponsorship-program-in-lebanon-and-jordan","",""
"https://www.lifeusa.org/post/education-is-emancipation-empowering-women-today","text/html; charset=UTF-8","200","OK","1.1","Indexable","","https://www.lifeusa.org/post/education-is-emancipation-empowering-women-today","",""
"https://www.lifeusa.org/no/tags/orphan","text/html; charset=UTF-8","200","OK","1.1","Non-Indexable","noindex","https://www.lifeusa.org/no/tags/orphan","noindex",""
"https://www.lifeusa.org/post/hearing-the-call-louisiana","text/html; charset=UTF-8","200","OK","1.1","Indexable","","https://www.lifeusa.org/post/hearing-the-call-louisiana","",""
"https://www.lifeusa.org/post/back-to-school-in-kenya","text/html; charset=UTF-8","200","OK","1.1","Indexable","","https://www.lifeusa.org/post/back-to-school-in-kenya","",""
"https://www.lifeusa.org/post/back-to-school-project-haiti","text/html; charset=UTF-8","200","OK","1.1","Indexable","","https://www.lifeusa.org/post/back-to-school-project-haiti","",""
"https://www.lifeusa.org/post/back-to-school-iraq","text/html; charset=UTF-8","200","OK","1.1","Indexable","","https://www.lifeusa.org/post/back-to-school-iraq","",""
"https://www.lifeusa.org/post/food-baskets-in-bangladesh","text/html; charset=UTF-8","200","OK","1.1","Indexable","","https://www.lifeusa.org/post/food-baskets-in-bangladesh","",""
"https://www.lifeusa.org/post/the-story-of-resilience-and-hope-life-brings-joy-to-al-islah-village-in-iraq","text/html; charset=UTF-8","200","OK","1.1","Indexable","","https://www.lifeusa.org/post/the-story-of-resilience-and-hope-life-brings-joy-to-al-islah-village-in-iraq","",""
"https://www.lifeusa.org/post/life-distributes-ramadan-food-baskets-in-lebanon","text/html; charset=UTF-8","200","OK","1.1","Indexable","","https://www.lifeusa.org/post/life-distributes-ramadan-food-baskets-in-lebanon","",""
"https://www.lifeusa.org/post/discovering-ramadan-2024-fasting-charity-and-spiritual-nourishment","text/html; charset=UTF-8","200","OK","1.1","Indexable","","https://www.lifeusa.org/post/discovering-ramadan-2024-fasting-charity-and-spiritual-nourishment","",""
"https://www.lifeusa.org/post/united-against-hunger-life-for-relief-and-development-s-life-global-expansion-is-set-to-feed-mill","text/html; charset=UTF-8","200","OK","1.1","Indexable","","https://www.lifeusa.org/post/united-against-hunger-life-for-relief-and-development-s-life-global-expansion-is-set-to-feed-mill","",""
"https://www.lifeusa.org/post/life-distributes-ramadan-food-baskets-in-the-horn-of-africa","text/html; charset=UTF-8","200","OK","1.1","Indexable","","https://www.lifeusa.org/post/life-distributes-ramadan-food-baskets-in-the-horn-of-africa","",""
"https://www.lifeusa.org/post/life-distributes-food-baskets-during-ramadan-in-bosnia","text/html; charset=UTF-8","200","OK","1.1","Indexable","","https://www.lifeusa.org/post/life-distributes-food-baskets-during-ramadan-in-bosnia","",""
"https://www.lifeusa.org/post/life-distributes-ramadan-food-baskets-in-haiti","text/html; charset=UTF-8","200","OK","1.1","Indexable","","https://www.lifeusa.org/post/life-distributes-ramadan-food-baskets-in-haiti","",""
"https://www.lifeusa.org/post/life-provides-food-baskets-to-orphans-in-iraq","text/html; charset=UTF-8","200","OK","1.1","Indexable","","https://www.lifeusa.org/post/life-provides-food-baskets-to-orphans-in-iraq","",""
"https://www.lifeusa.org/post/why-giving-makes-you-wealthier","text/html; charset=UTF-8","200","OK","1.1","Indexable","","https://www.lifeusa.org/post/why-giving-makes-you-wealthier","",""
"https://www.lifeusa.org/post/sports-field-rehabilitation-in-iraq","text/html; charset=UTF-8","200","OK","1.1","Indexable","","https://www.lifeusa.org/post/sports-field-rehabilitation-in-iraq","",""
"https://www.lifeusa.org/post/furniture-for-new-horizon-s-ministries","text/html; charset=UTF-8","200","OK","1.1","Indexable","","https://www.lifeusa.org/post/furniture-for-new-horizon-s-ministries","",""
"https://www.lifeusa.org/post/unprecedented-flooding-in-libya-a-call-for-global-solidarity-and-action","text/html; charset=UTF-8","200","OK","1.1","Indexable","","https://www.lifeusa.org/post/unprecedented-flooding-in-libya-a-call-for-global-solidarity-and-action","",""
"https://www.lifeusa.org/post/how-your-donations-are-reaching-gaza-s-desperate-families-despite-all-odds","text/html; charset=UTF-8","200","OK","1.1","Indexable","","https://www.lifeusa.org/post/how-your-donations-are-reaching-gaza-s-desperate-families-despite-all-odds","",""
"https://www.lifeusa.org/post/what-to-expect-and-how-to-prepare-for-hurricane-ian","text/html; charset=UTF-8","200","OK","1.1","Indexable","","https://www.lifeusa.org/post/what-to-expect-and-how-to-prepare-for-hurricane-ian","",""
"https://www.lifeusa.org/post/eastern-africa-is-on-fire","text/html; charset=UTF-8","200","OK","1.1","Indexable","","https://www.lifeusa.org/post/eastern-africa-is-on-fire","",""
"https://www.lifeusa.org/post/stuck-between-burning-fire-and-freezing-ice","text/html; charset=UTF-8","200","OK","1.1","Indexable","","https://www.lifeusa.org/post/stuck-between-burning-fire-and-freezing-ice","",""
"https://www.lifeusa.org/post/be-the-light-this-thanksgiving","text/html; charset=UTF-8","200","OK","1.1","Indexable","","https://www.lifeusa.org/post/be-the-light-this-thanksgiving","",""
"https://www.lifeusa.org/post/behind-the-label-refugee","text/html; charset=UTF-8","200","OK","1.1","Indexable","","https://www.lifeusa.org/post/behind-the-label-refugee","",""
"https://www.lifeusa.org/no/tags/thanksgiving","text/html; charset=UTF-8","200","OK","1.1","Non-Indexable","noindex","https://www.lifeusa.org/no/tags/thanksgiving","noindex",""
"https://www.lifeusa.org/no/tags/winter-warmth","text/html; charset=UTF-8","200","OK","1.1","Non-Indexable","noindex","https://www.lifeusa.org/no/tags/winter-warmth","noindex",""
"https://www.lifeusa.org/post/life-distributes-udhiyah-meat-in-afghanistan","text/html; charset=UTF-8","200","OK","1.1","Indexable","","https://www.lifeusa.org/post/life-distributes-udhiyah-meat-in-afghanistan","",""
"https://www.lifeusa.org/no/tags/somalia-1","text/html; charset=UTF-8","200","OK","1.1","Non-Indexable","noindex","https://www.lifeusa.org/no/tags/somalia-1","noindex",""
"https://www.lifeusa.org/no/tags/seasonal-projects","text/html; charset=UTF-8","200","OK","1.1","Non-Indexable","noindex","https://www.lifeusa.org/no/tags/seasonal-projects","noindex",""
"https://www.lifeusa.org/no/tags/hurricane-ian","text/html; charset=UTF-8","200","OK","1.1","Non-Indexable","noindex","https://www.lifeusa.org/no/tags/hurricane-ian","noindex",""
"https://www.lifeusa.org/no/tags/hurricane","text/html; charset=UTF-8","200","OK","1.1","Non-Indexable","noindex","https://www.lifeusa.org/no/tags/hurricane","noindex",""
"https://www.lifeusa.org/no/tags/charity-builds-wealth","text/html; charset=UTF-8","200","OK","1.1","Non-Indexable","noindex","https://www.lifeusa.org/no/tags/charity-builds-wealth","noindex",""
"https://www.lifeusa.org/no/tags/iraq-1","text/html; charset=UTF-8","200","OK","1.1","Non-Indexable","noindex","https://www.lifeusa.org/no/tags/iraq-1","noindex",""
"https://www.lifeusa.org/no/tags/furniture","text/html; charset=UTF-8","200","OK","1.1","Non-Indexable","noindex","https://www.lifeusa.org/no/tags/furniture","noindex",""
"https://www.lifeusa.org/no/tags/libya","text/html; charset=UTF-8","200","OK","1.1","Non-Indexable","noindex","https://www.lifeusa.org/no/tags/libya","noindex",""
"https://www.lifeusa.org/no/tags/ethiopia","text/html; charset=UTF-8","200","OK","1.1","Non-Indexable","noindex","https://www.lifeusa.org/no/tags/ethiopia","noindex",""
"https://www.lifeusa.org/no/tags/sudan","text/html; charset=UTF-8","200","OK","1.1","Non-Indexable","noindex","https://www.lifeusa.org/no/tags/sudan","noindex",""
"https://www.lifeusa.org/no/tags/bosnia","text/html; charset=UTF-8","200","OK","1.1","Non-Indexable","noindex","https://www.lifeusa.org/no/tags/bosnia","noindex",""
"https://www.lifeusa.org/no/tags/uganda","text/html; charset=UTF-8","200","OK","1.1","Non-Indexable","noindex","https://www.lifeusa.org/no/tags/uganda","noindex",""
"https://www.lifeusa.org/no/tags/djibouti","text/html; charset=UTF-8","200","OK","1.1","Non-Indexable","noindex","https://www.lifeusa.org/no/tags/djibouti","noindex",""
"https://www.lifeusa.org/no/tags/south-sudan","text/html; charset=UTF-8","200","OK","1.1","Non-Indexable","noindex","https://www.lifeusa.org/no/tags/south-sudan","noindex",""
"https://www.lifeusa.org/no/tags/somalia","text/html; charset=UTF-8","200","OK","1.1","Non-Indexable","noindex","https://www.lifeusa.org/no/tags/somalia","noindex",""
"https://www.lifeusa.org/no/tags/eritrea","text/html; charset=UTF-8","200","OK","1.1","Non-Indexable","noindex","https://www.lifeusa.org/no/tags/eritrea","noindex",""
"https://www.lifeusa.org/no/tags/ramadan","text/html; charset=UTF-8","200","OK","1.1","Non-Indexable","noindex","https://www.lifeusa.org/no/tags/ramadan","noindex",""
"https://www.lifeusa.org/no/tags/bangladesh","text/html; charset=UTF-8","200","OK","1.1","Non-Indexable","noindex","https://www.lifeusa.org/no/tags/bangladesh","noindex",""
"https://www.lifeusa.org/no/tags/iraq","text/html; charset=UTF-8","200","OK","1.1","Non-Indexable","noindex","https://www.lifeusa.org/no/tags/iraq","noindex",""
"https://www.lifeusa.org/no/tags/haiti","text/html; charset=UTF-8","200","OK","1.1","Non-Indexable","noindex","https://www.lifeusa.org/no/tags/haiti","noindex",""
"https://www.lifeusa.org/no/tags/kenya","text/html; charset=UTF-8","200","OK","1.1","Non-Indexable","noindex","https://www.lifeusa.org/no/tags/kenya","noindex",""
"https://www.lifeusa.org/no/tags/national-women-s-month","text/html; charset=UTF-8","200","OK","1.1","Non-Indexable","noindex","https://www.lifeusa.org/no/tags/national-women-s-month","noindex",""
"https://www.lifeusa.org/no/tags/lebanon","text/html; charset=UTF-8","200","OK","1.1","Non-Indexable","noindex","https://www.lifeusa.org/no/tags/lebanon","noindex",""
"https://www.lifeusa.org/no/tags/share","text/html; charset=UTF-8","200","OK","1.1","Non-Indexable","noindex","https://www.lifeusa.org/no/tags/share","noindex",""
"https://www.lifeusa.org/no/tags/udhiyah","text/html; charset=UTF-8","200","OK","1.1","Non-Indexable","noindex","https://www.lifeusa.org/no/tags/udhiyah","noindex",""
"https://www.lifeusa.org/post/winter-blankets-bangladesh","text/html; charset=UTF-8","200","OK","1.1","Indexable","","https://www.lifeusa.org/post/winter-blankets-bangladesh","",""
"https://www.lifeusa.org/post/when-zakat-islamic-charity-almost-eradicated-poverty","text/html; charset=UTF-8","200","OK","1.1","Indexable","","https://www.lifeusa.org/post/when-zakat-islamic-charity-almost-eradicated-poverty","",""
"https://www.lifeusa.org/post/life-distributes-ramadan-meals-in-mali","text/html; charset=UTF-8","200","OK","1.1","Indexable","","https://www.lifeusa.org/post/life-distributes-ramadan-meals-in-mali","",""
"https://www.lifeusa.org/post/pakistan-fresh-meat-distribution-and-orphan-eid-party","text/html; charset=UTF-8","200","OK","1.1","Indexable","","https://www.lifeusa.org/post/pakistan-fresh-meat-distribution-and-orphan-eid-party","",""
"https://www.lifeusa.org/post/life-distributes-udhiyah-meat-in-egypt","text/html; charset=UTF-8","200","OK","1.1","Indexable","","https://www.lifeusa.org/post/life-distributes-udhiyah-meat-in-egypt","",""
"https://www.lifeusa.org/post/life-distributes-fresh-meat-in-bosnia-and-herzegovina","text/html; charset=UTF-8","200","OK","1.1","Indexable","","https://www.lifeusa.org/post/life-distributes-fresh-meat-in-bosnia-and-herzegovina","",""
"https://www.lifeusa.org/post/life-distributes-fresh-meat-in-syria","text/html; charset=UTF-8","200","OK","1.1","Indexable","","https://www.lifeusa.org/post/life-distributes-fresh-meat-in-syria","",""
"https://www.lifeusa.org/post/life-distributes-ramadan-food-baskets-yemen","text/html; charset=UTF-8","200","OK","1.1","Indexable","","https://www.lifeusa.org/post/life-distributes-ramadan-food-baskets-yemen","",""
"https://www.lifeusa.org/post/life-distributes-udhiyah-meat-in-somalia","text/html; charset=UTF-8","200","OK","1.1","Indexable","","https://www.lifeusa.org/post/life-distributes-udhiyah-meat-in-somalia","",""
"https://www.lifeusa.org/post/life-distributes-fresh-meat-in-sudan","text/html; charset=UTF-8","200","OK","1.1","Indexable","","https://www.lifeusa.org/post/life-distributes-fresh-meat-in-sudan","",""
"https://www.lifeusa.org/post/life-distributes-fresh-meat-in-djibouti","text/html; charset=UTF-8","200","OK","1.1","Indexable","","https://www.lifeusa.org/post/life-distributes-fresh-meat-in-djibouti","",""
"https://www.lifeusa.org/post/life-distributes-fresh-meat-in-ethiopia","text/html; charset=UTF-8","200","OK","1.1","Indexable","","https://www.lifeusa.org/post/life-distributes-fresh-meat-in-ethiopia","",""
"https://www.lifeusa.org/no/tags/yemen","text/html; charset=UTF-8","200","OK","1.1","Non-Indexable","noindex","https://www.lifeusa.org/no/tags/yemen","noindex",""
"https://www.lifeusa.org/no/tags/bosnia-1","text/html; charset=UTF-8","200","OK","1.1","Non-Indexable","noindex","https://www.lifeusa.org/no/tags/bosnia-1","noindex",""
"https://www.lifeusa.org/no/tags/syria","text/html; charset=UTF-8","200","OK","1.1","Non-Indexable","noindex","https://www.lifeusa.org/no/tags/syria","noindex",""
"https://www.lifeusa.org/no/tags/egypt","text/html; charset=UTF-8","200","OK","1.1","Non-Indexable","noindex","https://www.lifeusa.org/no/tags/egypt","noindex",""
"https://www.lifeusa.org/post/what-is-udhiyah-qurbani-in-islam","text/html; charset=UTF-8","200","OK","1.1","Indexable","","https://www.lifeusa.org/post/what-is-udhiyah-qurbani-in-islam","",""
"https://www.lifeusa.org/no/tags/herzegovina","text/html; charset=UTF-8","200","OK","1.1","Non-Indexable","noindex","https://www.lifeusa.org/no/tags/herzegovina","noindex",""
"https://www.lifeusa.org/no/tags/fresh-meat","text/html; charset=UTF-8","200","OK","1.1","Non-Indexable","noindex","https://www.lifeusa.org/no/tags/fresh-meat","noindex",""
"https://www.lifeusa.org/no/tags/pakistan-1","text/html; charset=UTF-8","200","OK","1.1","Non-Indexable","noindex","https://www.lifeusa.org/no/tags/pakistan-1","noindex",""
"https://www.lifeusa.org/no/tags/eid","text/html; charset=UTF-8","200","OK","1.1","Non-Indexable","noindex","https://www.lifeusa.org/no/tags/eid","noindex",""
"https://www.lifeusa.org/no/tags/orphan-1","text/html; charset=UTF-8","200","OK","1.1","Non-Indexable","noindex","https://www.lifeusa.org/no/tags/orphan-1","noindex",""
"https://www.lifeusa.org/no/tags/mali","text/html; charset=UTF-8","200","OK","1.1","Non-Indexable","noindex","https://www.lifeusa.org/no/tags/mali","noindex",""
"https://www.lifeusa.org/no/tags/zakat","text/html; charset=UTF-8","200","OK","1.1","Non-Indexable","noindex","https://www.lifeusa.org/no/tags/zakat","noindex",""
"https://www.lifeusa.org/no/tags/winter","text/html; charset=UTF-8","200","OK","1.1","Non-Indexable","noindex","https://www.lifeusa.org/no/tags/winter","noindex",""
